"","cell_id","norm_epi_annotation"
"A10_B000863","A10_B000863","unknown stroma3"
"A10_B001470","A10_B001470","alveolar type 2 cell"
"A10_B001545","A10_B001545","club cell"
"A10_B003187","A10_B003187","hepatocyte"
"A10_B003528","A10_B003528","alveolar type 2 cell"
"A11_B000860","A11_B000860","unknown stroma3"
"A11_B001558","A11_B001558","alveolar type 2 cell"
"A11_B003577","A11_B003577","alveolar type 2 cell"
"A12_B003103","A12_B003103","unknown stroma4"
"A13_B003120","A13_B003120","alveolar type 2 cell"
"A13_B003187","A13_B003187","hepatocyte"
"A13_B003771","A13_B003771","alveolar type 1 cell"
"A14_B002073","A14_B002073","alveolar type 1 cell"
"A14_B003126","A14_B003126","alveolar type 1 cell"
"A14_B003129","A14_B003129","alveolar type 2 cell"
"A14_B003132","A14_B003132","alveolar type 2 cell"
"A14_B003588","A14_B003588","unknown stroma2"
"A15_B000420","A15_B000420","alveolar type 2 cell"
"A15_B002074","A15_B002074","alveolar type 2 cell"
"A15_B003125","A15_B003125","alveolar type 2 cell"
"A15_B003132","A15_B003132","alveolar type 1 cell"
"A15_B003187","A15_B003187","alveolar type 2 cell"
"A15_B003930","A15_B003930","unknown stroma4"
"A16_B002074","A16_B002074","alveolar type 1 cell"
"A16_B002077","A16_B002077","alveolar type 2 cell"
"A16_B003112","A16_B003112","alveolar type 2 cell"
"A16_B003187","A16_B003187","unknown stroma1"
"A16_B003995","A16_B003995","alveolar type 2 cell"
"A17_B002073","A17_B002073","alveolar type 1 cell"
"A17_B002097","A17_B002097","alveolar type 1 cell"
"A17_B003112","A17_B003112","ciliated cell"
"A17_B003116","A17_B003116","ionocyte"
"A17_B003120","A17_B003120","club cell"
"A17_B003187","A17_B003187","hepatocyte"
"A18_B003522","A18_B003522","unknown stroma2"
"A19_B002074","A19_B002074","alveolar type 2 cell"
"A19_B002077","A19_B002077","club cell"
"A19_B003112","A19_B003112","alveolar type 2 cell"
"A19_B003116","A19_B003116","club cell"
"A19_B003120","A19_B003120","ciliated cell"
"A19_B003187","A19_B003187","unknown stroma1"
"A19_B003522","A19_B003522","unknown stroma1"
"A1_B000883","A1_B000883","alveolar type 2 cell"
"A1_B001558","A1_B001558","alveolar type 2 cell"
"A1_B003132","A1_B003132","alveolar type 1 cell"
"A1_B003191","A1_B003191","alveolar type 1 cell"
"A20_B002073","A20_B002073","alveolar type 2 cell"
"A20_B002074","A20_B002074","alveolar type 1 cell"
"A20_B003105","A20_B003105","unknown stroma4"
"A20_B003116","A20_B003116","club cell"
"A20_B003894","A20_B003894","alveolar type 1 cell"
"A21_B002074","A21_B002074","alveolar type 1 cell"
"A21_B003116","A21_B003116","ionocyte"
"A22_B002077","A22_B002077","alveolar type 2 cell"
"A22_B003132","A22_B003132","alveolar type 1 cell"
"A22_B003191","A22_B003191","alveolar type 1 cell"
"A22_B003775","A22_B003775","alveolar type 2 cell"
"A2_1001000412","A2_1001000412","alveolar type 2 cell"
"A2_B003129","A2_B003129","club cell"
"A3_B001554","A3_B001554","alveolar type 2 cell"
"A3_B001558","A3_B001558","alveolar type 2 cell"
"A3_B002090","A3_B002090","hepatocyte"
"A3_B003187","A3_B003187","alveolar type 2 cell"
"A4_B000861","A4_B000861","alveolar type 2 cell"
"A4_B001558","A4_B001558","alveolar type 2 cell"
"A4_B003132","A4_B003132","alveolar type 2 cell"
"A4_B003187","A4_B003187","alveolar type 2 cell"
"A5_B001554","A5_B001554","alveolar type 2 cell"
"A5_B003067","A5_B003067","unknown stroma1"
"A5_B003129","A5_B003129","alveolar type 2 cell"
"A6_B001558","A6_B001558","alveolar type 1 cell"
"A6_B003132","A6_B003132","alveolar type 2 cell"
"A7_1001000412","A7_1001000412","alveolar type 2 cell"
"A7_B001554","A7_B001554","alveolar type 2 cell"
"A7_B003126","A7_B003126","alveolar type 2 cell"
"A7_B003187","A7_B003187","alveolar type 2 cell"
"A7_B003191","A7_B003191","alveolar type 2 cell"
"A7_B003528","A7_B003528","alveolar type 2 cell"
"A7_B003577","A7_B003577","alveolar type 2 cell"
"A8_B000579","A8_B000579","alveolar type 2 cell"
"A8_B001558","A8_B001558","alveolar type 1 cell"
"A8_B003187","A8_B003187","alveolar type 2 cell"
"A9_B000863","A9_B000863","unknown stroma3"
"A9_B001543","A9_B001543","club cell"
"A9_B001545","A9_B001545","alveolar type 2 cell"
"A9_B001554","A9_B001554","alveolar type 1 cell"
"A9_B001557","A9_B001557","unknown stroma1"
"A9_B003187","A9_B003187","hepatocyte"
"B10_B000862","B10_B000862","unknown stroma3"
"B10_B001554","B10_B001554","alveolar type 2 cell"
"B10_B003523","B10_B003523","alveolar type 2 cell"
"B10_B003995","B10_B003995","alveolar type 2 cell"
"B11_B001554","B11_B001554","alveolar type 2 cell"
"B11_B003588","B11_B003588","unknown stroma2"
"B12_B003116","B12_B003116","club cell"
"B12_B003771","B12_B003771","alveolar type 1 cell"
"B13_B000579","B13_B000579","alveolar type 2 cell"
"B13_B003112","B13_B003112","club cell"
"B13_B003588","B13_B003588","unknown stroma2"
"B15_B002073","B15_B002073","alveolar type 2 cell"
"B15_B002077","B15_B002077","club cell"
"B15_B002097","B15_B002097","alveolar type 1 cell"
"B15_B003103","B15_B003103","unknown stroma4"
"B15_B003112","B15_B003112","ciliated cell"
"B15_B003120","B15_B003120","ciliated cell"
"B15_B003125","B15_B003125","alveolar type 1 cell"
"B15_B003775","B15_B003775","alveolar type 2 cell"
"B16_B000420","B16_B000420","alveolar type 2 cell"
"B16_B002079","B16_B002079","club cell"
"B16_B003125","B16_B003125","alveolar type 1 cell"
"B16_B003132","B16_B003132","alveolar type 1 cell"
"B16_B003187","B16_B003187","alveolar type 2 cell"
"B16_B003191","B16_B003191","alveolar type 2 cell"
"B16_B003588","B16_B003588","unknown stroma2"
"B17_B000422","B17_B000422","club cell"
"B18_B000422","B18_B000422","club cell"
"B18_B002073","B18_B002073","alveolar type 1 cell"
"B18_B002074","B18_B002074","alveolar type 1 cell"
"B18_B003775","B18_B003775","alveolar type 2 cell"
"B19_B000422","B19_B000422","alveolar type 2 cell"
"B19_B002074","B19_B002074","alveolar type 1 cell"
"B19_B003588","B19_B003588","unknown stroma2"
"B1_B003129","B1_B003129","alveolar type 2 cell"
"B20_B002074","B20_B002074","alveolar type 1 cell"
"B20_B002097","B20_B002097","alveolar type 1 cell"
"B20_B003112","B20_B003112","ciliated cell"
"B20_B003588","B20_B003588","unknown stroma2"
"B21_B002073","B21_B002073","alveolar type 1 cell"
"B21_B002077","B21_B002077","alveolar type 1 cell"
"B21_B003588","B21_B003588","unknown stroma2"
"B22_B000422","B22_B000422","alveolar type 2 cell"
"B22_B002074","B22_B002074","alveolar type 2 cell"
"B22_B003112","B22_B003112","ciliated cell"
"B22_B003187","B22_B003187","alveolar type 1 cell"
"B2_B000901","B2_B000901","alveolar type 2 cell"
"B2_B002090","B2_B002090","hepatocyte"
"B2_B003067","B2_B003067","unknown stroma1"
"B2_B003132","B2_B003132","alveolar type 2 cell"
"B2_B003648","B2_B003648","alveolar type 2 cell"
"B3_B000860","B3_B000860","unknown stroma3"
"B3_B000861","B3_B000861","unknown stroma3"
"B3_B001543","B3_B001543","club cell"
"B3_B001558","B3_B001558","alveolar type 1 cell"
"B3_B002090","B3_B002090","hepatocyte"
"B3_B003187","B3_B003187","alveolar type 2 cell"
"B3_B003191","B3_B003191","alveolar type 2 cell"
"B4_1001000317","B4_1001000317","alveolar type 2 cell"
"B4_B000861","B4_B000861","unknown stroma3"
"B4_B000862","B4_B000862","unknown stroma3"
"B4_B001010","B4_B001010","unknown stroma1"
"B4_B002090","B4_B002090","hepatocyte"
"B4_B003129","B4_B003129","alveolar type 1 cell"
"B4_B003187","B4_B003187","alveolar type 2 cell"
"B4_B003191","B4_B003191","alveolar type 2 cell"
"B5_1001000327","B5_1001000327","unknown stroma3"
"B5_B001558","B5_B001558","alveolar type 2 cell"
"B5_B003129","B5_B003129","alveolar type 2 cell"
"B5_B003187","B5_B003187","alveolar type 2 cell"
"B5_B003995","B5_B003995","alveolar type 2 cell"
"B6_1001000408","B6_1001000408","alveolar type 2 cell"
"B6_B001548","B6_B001548","alveolar type 2 cell"
"B6_B001554","B6_B001554","alveolar type 1 cell"
"B6_B003126","B6_B003126","alveolar type 2 cell"
"B6_B003187","B6_B003187","alveolar type 1 cell"
"B7_B001543","B7_B001543","alveolar type 2 cell"
"B7_B003125","B7_B003125","alveolar type 2 cell"
"B7_B003126","B7_B003126","alveolar type 2 cell"
"B7_B003132","B7_B003132","alveolar type 1 cell"
"B7_B003523","B7_B003523","alveolar type 2 cell"
"B8_B001558","B8_B001558","alveolar type 1 cell"
"B8_B003187","B8_B003187","alveolar type 2 cell"
"B8_B003191","B8_B003191","alveolar type 2 cell"
"B9_B001558","B9_B001558","alveolar type 1 cell"
"B9_B003523","B9_B003523","alveolar type 2 cell"
"C10_B003129","C10_B003129","hepatocyte"
"C10_B003523","C10_B003523","alveolar type 2 cell"
"C11_B001554","C11_B001554","alveolar type 1 cell"
"C11_B003129","C11_B003129","unknown stroma1"
"C12_B003129","C12_B003129","unknown stroma1"
"C12_B003771","C12_B003771","unknown stroma1"
"C12_B003930","C12_B003930","unknown stroma4"
"C13_B003129","C13_B003129","unknown stroma1"
"C14_B003116","C14_B003116","club cell"
"C14_B003191","C14_B003191","alveolar type 1 cell"
"C15_B002078","C15_B002078","alveolar type 2 cell"
"C15_B003105","C15_B003105","unknown stroma4"
"C15_B003112","C15_B003112","club cell"
"C15_B003116","C15_B003116","ciliated cell"
"C15_B003120","C15_B003120","ionocyte"
"C15_B003129","C15_B003129","alveolar type 2 cell"
"C15_B003518","C15_B003518","unknown stroma2"
"C15_B003588","C15_B003588","unknown stroma2"
"C16_B000420","C16_B000420","alveolar type 2 cell"
"C16_B003103","C16_B003103","unknown stroma1"
"C16_B003105","C16_B003105","unknown stroma4"
"C16_B003112","C16_B003112","ciliated cell"
"C16_B003191","C16_B003191","alveolar type 1 cell"
"C16_B003656","C16_B003656","unknown stroma5"
"C16_B003920","C16_B003920","alveolar type 2 cell"
"C16_B003930","C16_B003930","unknown stroma4"
"C17_B000420","C17_B000420","alveolar type 2 cell"
"C17_B003112","C17_B003112","club cell"
"C17_B003116","C17_B003116","ciliated cell"
"C17_B003129","C17_B003129","unknown stroma1"
"C17_B003522","C17_B003522","unknown stroma2"
"C17_B003656","C17_B003656","unknown stroma5"
"C18_B001460","C18_B001460","hepatocyte"
"C18_B002097","C18_B002097","alveolar type 1 cell"
"C18_B003129","C18_B003129","unknown stroma1"
"C18_B003529","C18_B003529","unknown stroma2"
"C18_B003656","C18_B003656","unknown stroma5"
"C18_B003930","C18_B003930","unknown stroma4"
"C19_B002097","C19_B002097","alveolar type 2 cell"
"C19_B003129","C19_B003129","hepatocyte"
"C19_B003656","C19_B003656","unknown stroma5"
"C1_B000862","C1_B000862","unknown stroma3"
"C1_B001558","C1_B001558","alveolar type 2 cell"
"C1_B003191","C1_B003191","unknown stroma1"
"C1_B003577","C1_B003577","alveolar type 2 cell"
"C20_B000420","C20_B000420","alveolar type 2 cell"
"C20_B002073","C20_B002073","alveolar type 2 cell"
"C20_B003129","C20_B003129","unknown stroma1"
"C20_B003656","C20_B003656","unknown stroma5"
"C21_B002079","C21_B002079","alveolar type 2 cell"
"C21_B003105","C21_B003105","unknown stroma4"
"C21_B003129","C21_B003129","unknown stroma1"
"C21_B003529","C21_B003529","unknown stroma2"
"C21_B003656","C21_B003656","unknown stroma5"
"C21_B003995","C21_B003995","alveolar type 2 cell"
"C22_B003129","C22_B003129","unknown stroma1"
"C22_B003656","C22_B003656","unknown stroma5"
"C2_B000861","C2_B000861","unknown stroma3"
"C2_B003129","C2_B003129","alveolar type 2 cell"
"C2_B003191","C2_B003191","alveolar type 2 cell"
"C3_B003115","C3_B003115","unknown stroma1"
"C4_B001554","C4_B001554","alveolar type 2 cell"
"C4_B003115","C4_B003115","alveolar type 2 cell"
"C4_B003126","C4_B003126","alveolar type 2 cell"
"C5_B003132","C5_B003132","alveolar type 2 cell"
"C5_B003191","C5_B003191","alveolar type 2 cell"
"C5_B003648","C5_B003648","alveolar type 2 cell"
"C5_B003659","C5_B003659","hepatocyte"
"C6_B001548","C6_B001548","alveolar type 2 cell"
"C6_B003129","C6_B003129","alveolar type 2 cell"
"C6_B003132","C6_B003132","alveolar type 2 cell"
"C6_B003659","C6_B003659","unknown stroma1"
"C7_B001548","C7_B001548","alveolar type 2 cell"
"C7_B001556","C7_B001556","alveolar type 2 cell"
"C7_B001558","C7_B001558","alveolar type 2 cell"
"C7_B003119","C7_B003119","club cell"
"C7_B003125","C7_B003125","alveolar type 2 cell"
"C7_B003129","C7_B003129","alveolar type 2 cell"
"C7_B003132","C7_B003132","alveolar type 1 cell"
"C7_B003191","C7_B003191","alveolar type 2 cell"
"C7_B003528","C7_B003528","alveolar type 2 cell"
"C8_B001548","C8_B001548","alveolar type 2 cell"
"C8_B003119","C8_B003119","ciliated cell"
"C8_B003129","C8_B003129","unknown stroma1"
"C8_B003528","C8_B003528","alveolar type 2 cell"
"C8_B003577","C8_B003577","alveolar type 2 cell"
"C9_B000860","C9_B000860","unknown stroma3"
"C9_B001470","C9_B001470","club cell"
"C9_B001545","C9_B001545","alveolar type 2 cell"
"C9_B003119","C9_B003119","club cell"
"C9_B003523","C9_B003523","alveolar type 2 cell"
"C9_B003529","C9_B003529","unknown stroma2"
"D10_1001000327","D10_1001000327","alveolar type 2 cell"
"D10_B001470","D10_B001470","unknown stroma1"
"D10_B001554","D10_B001554","alveolar type 2 cell"
"D10_B003588","D10_B003588","unknown stroma2"
"D11_1001000317","D11_1001000317","alveolar type 2 cell"
"D11_B000861","D11_B000861","unknown stroma3"
"D11_B003518","D11_B003518","unknown stroma2"
"D11_B003588","D11_B003588","unknown stroma2"
"D12_B003116","D12_B003116","club cell"
"D12_B003119","D12_B003119","ciliated cell"
"D12_B003588","D12_B003588","unknown stroma2"
"D13_B001007","D13_B001007","alveolar type 2 cell"
"D13_B001470","D13_B001470","unknown stroma1"
"D13_B001557","D13_B001557","alveolar type 2 cell"
"D14_B001470","D14_B001470","unknown stroma1"
"D14_B002073","D14_B002073","alveolar type 1 cell"
"D14_B002074","D14_B002074","alveolar type 2 cell"
"D14_B002077","D14_B002077","alveolar type 2 cell"
"D15_B001007","D15_B001007","alveolar type 2 cell"
"D15_B002074","D15_B002074","alveolar type 2 cell"
"D15_B002097","D15_B002097","alveolar type 2 cell"
"D15_B003126","D15_B003126","alveolar type 2 cell"
"D16_B001470","D16_B001470","unknown stroma1"
"D16_B003126","D16_B003126","ciliated cell"
"D16_B003187","D16_B003187","alveolar type 1 cell"
"D16_B003529","D16_B003529","unknown stroma2"
"D17_B001007","D17_B001007","alveolar type 2 cell"
"D17_B001470","D17_B001470","unknown stroma1"
"D17_B002074","D17_B002074","alveolar type 1 cell"
"D17_B002079","D17_B002079","alveolar type 2 cell"
"D17_B003103","D17_B003103","unknown stroma4"
"D17_B003120","D17_B003120","club cell"
"D18_B000420","D18_B000420","alveolar type 2 cell"
"D18_B001470","D18_B001470","unknown stroma1"
"D18_B002078","D18_B002078","alveolar type 2 cell"
"D18_B003529","D18_B003529","unknown stroma2"
"D19_B001470","D19_B001470","unknown stroma1"
"D19_B002079","D19_B002079","alveolar type 2 cell"
"D19_B003775","D19_B003775","alveolar type 2 cell"
"D1_1001000327","D1_1001000327","alveolar type 2 cell"
"D1_B000280","D1_B000280","unknown stroma1"
"D1_B001558","D1_B001558","alveolar type 2 cell"
"D1_B003132","D1_B003132","alveolar type 1 cell"
"D20_B001470","D20_B001470","unknown stroma1"
"D20_B002077","D20_B002077","alveolar type 2 cell"
"D20_B003112","D20_B003112","ciliated cell"
"D21_B000420","D21_B000420","alveolar type 2 cell"
"D21_B000575","D21_B000575","alveolar type 2 cell"
"D21_B001008","D21_B001008","unknown stroma1"
"D21_B002077","D21_B002077","club cell"
"D21_B003120","D21_B003120","club cell"
"D21_B003894","D21_B003894","alveolar type 2 cell"
"D21_B003995","D21_B003995","alveolar type 2 cell"
"D22_B000420","D22_B000420","alveolar type 2 cell"
"D22_B001470","D22_B001470","unknown stroma1"
"D22_B002074","D22_B002074","alveolar type 2 cell"
"D22_B002079","D22_B002079","alveolar type 2 cell"
"D22_B003132","D22_B003132","alveolar type 1 cell"
"D22_B003529","D22_B003529","unknown stroma2"
"D22_B003654","D22_B003654","alveolar type 2 cell"
"D2_B002073","D2_B002073","unknown stroma1"
"D2_B003129","D2_B003129","alveolar type 2 cell"
"D3_B002090","D3_B002090","hepatocyte"
"D3_B003129","D3_B003129","alveolar type 2 cell"
"D3_B003187","D3_B003187","alveolar type 2 cell"
"D3_B003191","D3_B003191","club cell"
"D4_B000863","D4_B000863","unknown stroma3"
"D4_B001470","D4_B001470","ciliated cell"
"D4_B003126","D4_B003126","alveolar type 1 cell"
"D5_B003129","D5_B003129","alveolar type 2 cell"
"D5_B003648","D5_B003648","alveolar type 2 cell"
"D6_B001470","D6_B001470","unknown stroma1"
"D6_B001558","D6_B001558","alveolar type 2 cell"
"D6_B003125","D6_B003125","alveolar type 1 cell"
"D6_B003187","D6_B003187","alveolar type 2 cell"
"D7_B001475","D7_B001475","alveolar type 2 cell"
"D7_B001548","D7_B001548","alveolar type 2 cell"
"D7_B003125","D7_B003125","alveolar type 2 cell"
"D8_B001007","D8_B001007","alveolar type 2 cell"
"D9_B001007","D9_B001007","alveolar type 2 cell"
"D9_B001470","D9_B001470","unknown stroma1"
"D9_B001545","D9_B001545","unknown stroma2"
"D9_B001554","D9_B001554","alveolar type 2 cell"
"D9_B001558","D9_B001558","alveolar type 2 cell"
"D9_B003523","D9_B003523","alveolar type 2 cell"
"D9_B003588","D9_B003588","unknown stroma2"
"E10_B000860","E10_B000860","unknown stroma3"
"E10_B003119","E10_B003119","club cell"
"E10_B003522","E10_B003522","unknown stroma2"
"E10_B003528","E10_B003528","alveolar type 2 cell"
"E10_B003529","E10_B003529","unknown stroma2"
"E10_B003577","E10_B003577","alveolar type 2 cell"
"E11_B001554","E11_B001554","alveolar type 2 cell"
"E11_B001558","E11_B001558","alveolar type 1 cell"
"E11_B003523","E11_B003523","club cell"
"E11_B003529","E11_B003529","unknown stroma2"
"E11_B003588","E11_B003588","unknown stroma2"
"E12_B003103","E12_B003103","unknown stroma4"
"E12_B003120","E12_B003120","club cell"
"E12_B003920","E12_B003920","alveolar type 2 cell"
"E13_B000580","E13_B000580","alveolar type 2 cell"
"E13_B002079","E13_B002079","alveolar type 2 cell"
"E13_B003105","E13_B003105","unknown stroma4"
"E13_B003588","E13_B003588","unknown stroma2"
"E14_B002073","E14_B002073","alveolar type 1 cell"
"E14_B003105","E14_B003105","unknown stroma4"
"E14_B003129","E14_B003129","alveolar type 2 cell"
"E14_B003995","E14_B003995","alveolar type 2 cell"
"E15_B002073","E15_B002073","alveolar type 1 cell"
"E15_B002074","E15_B002074","alveolar type 1 cell"
"E15_B002078","E15_B002078","alveolar type 2 cell"
"E15_B003120","E15_B003120","club cell"
"E16_B000420","E16_B000420","club cell"
"E16_B002078","E16_B002078","alveolar type 2 cell"
"E16_B003116","E16_B003116","alveolar type 2 cell"
"E16_B003129","E16_B003129","alveolar type 2 cell"
"E16_B003529","E16_B003529","unknown stroma2"
"E16_B003588","E16_B003588","unknown stroma2"
"E17_B000422","E17_B000422","alveolar type 2 cell"
"E17_B003529","E17_B003529","unknown stroma2"
"E17_B003771","E17_B003771","alveolar type 2 cell"
"E18_B000422","E18_B000422","alveolar type 2 cell"
"E18_B002074","E18_B002074","alveolar type 1 cell"
"E18_B002077","E18_B002077","alveolar type 2 cell"
"E19_B000420","E19_B000420","club cell"
"E19_B003105","E19_B003105","unknown stroma4"
"E19_B003120","E19_B003120","ciliated cell"
"E19_B003646","E19_B003646","alveolar type 2 cell"
"E1_B001608","E1_B001608","alveolar type 2 cell"
"E1_B002090","E1_B002090","hepatocyte"
"E1_B003126","E1_B003126","alveolar type 2 cell"
"E1_B003132","E1_B003132","alveolar type 1 cell"
"E1_B003654","E1_B003654","hepatocyte"
"E1_B003995","E1_B003995","alveolar type 2 cell"
"E20_B000422","E20_B000422","alveolar type 2 cell"
"E20_B002074","E20_B002074","alveolar type 2 cell"
"E20_B003930","E20_B003930","unknown stroma4"
"E21_B002079","E21_B002079","alveolar type 2 cell"
"E21_B003067","E21_B003067","alveolar type 2 cell"
"E21_B003112","E21_B003112","ciliated cell"
"E22_B002077","E22_B002077","alveolar type 2 cell"
"E22_B003112","E22_B003112","ionocyte"
"E2_B001464","E2_B001464","alveolar type 2 cell"
"E2_B003132","E2_B003132","alveolar type 2 cell"
"E2_B003187","E2_B003187","alveolar type 2 cell"
"E3_B001543","E3_B001543","alveolar type 2 cell"
"E3_B001558","E3_B001558","alveolar type 2 cell"
"E3_B003126","E3_B003126","alveolar type 1 cell"
"E4_B000861","E4_B000861","unknown stroma3"
"E4_B002090","E4_B002090","hepatocyte"
"E4_B003120","E4_B003120","ciliated cell"
"E4_B003132","E4_B003132","club cell"
"E5_B001470","E5_B001470","alveolar type 2 cell"
"E5_B001554","E5_B001554","ciliated cell"
"E5_B003126","E5_B003126","alveolar type 2 cell"
"E5_B003527","E5_B003527","unknown stroma2"
"E5_B003648","E5_B003648","alveolar type 2 cell"
"E5_B003654","E5_B003654","hepatocyte"
"E5_B003659","E5_B003659","alveolar type 2 cell"
"E6_B001543","E6_B001543","alveolar type 2 cell"
"E6_B001558","E6_B001558","alveolar type 2 cell"
"E6_B003191","E6_B003191","alveolar type 2 cell"
"E6_B003654","E6_B003654","hepatocyte"
"E7_B003132","E7_B003132","alveolar type 2 cell"
"E7_B003654","E7_B003654","hepatocyte"
"E7_B003658","E7_B003658","alveolar type 2 cell"
"E8_B001554","E8_B001554","alveolar type 1 cell"
"E8_B003125","E8_B003125","alveolar type 2 cell"
"E8_B003132","E8_B003132","alveolar type 2 cell"
"E9_B003523","E9_B003523","alveolar type 2 cell"
"E9_B003528","E9_B003528","alveolar type 2 cell"
"F10_B003115","F10_B003115","alveolar type 2 cell"
"F10_B003191","F10_B003191","hepatocyte"
"F10_B003522","F10_B003522","unknown stroma2"
"F11_B000861","F11_B000861","unknown stroma3"
"F11_B001548","F11_B001548","club cell"
"F11_B003119","F11_B003119","ciliated cell"
"F11_B003187","F11_B003187","unknown stroma1"
"F12_B003187","F12_B003187","unknown stroma1"
"F12_B003191","F12_B003191","hepatocyte"
"F12_B003588","F12_B003588","unknown stroma2"
"F12_B003771","F12_B003771","alveolar type 2 cell"
"F13_B000420","F13_B000420","club cell"
"F13_B001010","F13_B001010","alveolar type 2 cell"
"F13_B002572","F13_B002572","unknown stroma1"
"F13_B003112","F13_B003112","club cell"
"F13_B003187","F13_B003187","unknown stroma1"
"F13_B003529","F13_B003529","unknown stroma2"
"F13_B003588","F13_B003588","unknown stroma2"
"F14_B000422","F14_B000422","alveolar type 2 cell"
"F14_B002074","F14_B002074","alveolar type 1 cell"
"F14_B003120","F14_B003120","ionocyte"
"F14_B003129","F14_B003129","alveolar type 2 cell"
"F14_B003187","F14_B003187","unknown stroma1"
"F14_B003191","F14_B003191","alveolar type 2 cell"
"F14_B003518","F14_B003518","unknown stroma2"
"F15_B002097","F15_B002097","alveolar type 1 cell"
"F15_B003112","F15_B003112","ionocyte"
"F15_B003125","F15_B003125","alveolar type 2 cell"
"F15_B003132","F15_B003132","alveolar type 2 cell"
"F16_B002073","F16_B002073","alveolar type 2 cell"
"F16_B002079","F16_B002079","alveolar type 2 cell"
"F16_B003126","F16_B003126","alveolar type 1 cell"
"F16_B003643","F16_B003643","hepatocyte"
"F17_B000569","F17_B000569","alveolar type 2 cell"
"F17_B001010","F17_B001010","unknown stroma2"
"F17_B002073","F17_B002073","alveolar type 1 cell"
"F17_B002077","F17_B002077","alveolar type 2 cell"
"F17_B003103","F17_B003103","unknown stroma1"
"F17_B003187","F17_B003187","hepatocyte"
"F17_B003995","F17_B003995","alveolar type 2 cell"
"F18_B002074","F18_B002074","alveolar type 1 cell"
"F18_B003116","F18_B003116","alveolar type 2 cell"
"F18_B003529","F18_B003529","unknown stroma2"
"F18_B003588","F18_B003588","unknown stroma2"
"F18_B003643","F18_B003643","unknown stroma1"
"F19_B000420","F19_B000420","alveolar type 2 cell"
"F19_B002079","F19_B002079","alveolar type 2 cell"
"F19_B003093","F19_B003093","alveolar type 2 cell"
"F19_B003103","F19_B003103","unknown stroma4"
"F19_B003187","F19_B003187","unknown stroma1"
"F19_B003643","F19_B003643","hepatocyte"
"F19_B003654","F19_B003654","alveolar type 1 cell"
"F1_B000861","F1_B000861","unknown stroma3"
"F1_B001470","F1_B001470","alveolar type 2 cell"
"F20_B002074","F20_B002074","alveolar type 2 cell"
"F20_B003112","F20_B003112","ionocyte"
"F20_B003120","F20_B003120","ionocyte"
"F20_B003187","F20_B003187","unknown stroma1"
"F20_B003777","F20_B003777","alveolar type 2 cell"
"F21_B000420","F21_B000420","alveolar type 2 cell"
"F21_B001464","F21_B001464","hepatocyte"
"F21_B002073","F21_B002073","alveolar type 2 cell"
"F21_B002078","F21_B002078","alveolar type 2 cell"
"F21_B003070","F21_B003070","alveolar type 2 cell"
"F21_B003187","F21_B003187","unknown stroma1"
"F21_B003775","F21_B003775","alveolar type 2 cell"
"F22_B002073","F22_B002073","alveolar type 1 cell"
"F22_B002074","F22_B002074","alveolar type 1 cell"
"F22_B002078","F22_B002078","alveolar type 2 cell"
"F22_B003112","F22_B003112","club cell"
"F22_B003191","F22_B003191","alveolar type 2 cell"
"F22_B003588","F22_B003588","unknown stroma2"
"F2_1001000407","F2_1001000407","alveolar type 2 cell"
"F2_B001558","F2_B001558","alveolar type 1 cell"
"F2_B003126","F2_B003126","alveolar type 2 cell"
"F2_B003129","F2_B003129","alveolar type 2 cell"
"F3_1001000411","F3_1001000411","alveolar type 2 cell"
"F3_B001558","F3_B001558","alveolar type 1 cell"
"F3_B003187","F3_B003187","alveolar type 2 cell"
"F3_B003191","F3_B003191","alveolar type 2 cell"
"F4_B000863","F4_B000863","unknown stroma3"
"F4_B002090","F4_B002090","hepatocyte"
"F4_B003129","F4_B003129","alveolar type 2 cell"
"F4_B003187","F4_B003187","unknown stroma1"
"F5_B000279","F5_B000279","unknown stroma1"
"F5_B000862","F5_B000862","unknown stroma3"
"F5_B000894","F5_B000894","alveolar type 2 cell"
"F5_B001548","F5_B001548","club cell"
"F5_B001558","F5_B001558","alveolar type 1 cell"
"F5_B003187","F5_B003187","alveolar type 2 cell"
"F5_B003191","F5_B003191","club cell"
"F6_1001000327","F6_1001000327","alveolar type 2 cell"
"F6_B001554","F6_B001554","alveolar type 2 cell"
"F6_B003191","F6_B003191","alveolar type 2 cell"
"F7_B001558","F7_B001558","alveolar type 1 cell"
"F7_B003125","F7_B003125","alveolar type 2 cell"
"F7_B003132","F7_B003132","club cell"
"F7_B003191","F7_B003191","alveolar type 2 cell"
"F7_B003995","F7_B003995","alveolar type 2 cell"
"F8_B001554","F8_B001554","alveolar type 1 cell"
"F8_B001558","F8_B001558","alveolar type 1 cell"
"F9_B001548","F9_B001548","alveolar type 2 cell"
"F9_B001554","F9_B001554","alveolar type 2 cell"
"F9_B003191","F9_B003191","alveolar type 2 cell"
"F9_B003529","F9_B003529","unknown stroma2"
"F9_B003588","F9_B003588","unknown stroma2"
"G10_B000861","G10_B000861","unknown stroma3"
"G10_B001558","G10_B001558","alveolar type 2 cell"
"G10_B003523","G10_B003523","alveolar type 2 cell"
"G11_B001558","G11_B001558","alveolar type 2 cell"
"G11_B002078","G11_B002078","club cell"
"G13_B000860","G13_B000860","hepatocyte"
"G14_B000580","G14_B000580","alveolar type 2 cell"
"G14_B003116","G14_B003116","club cell"
"G14_B003125","G14_B003125","alveolar type 2 cell"
"G14_B003126","G14_B003126","alveolar type 2 cell"
"G14_B003129","G14_B003129","alveolar type 2 cell"
"G14_B003132","G14_B003132","alveolar type 2 cell"
"G14_B003522","G14_B003522","unknown stroma2"
"G14_B003529","G14_B003529","unknown stroma2"
"G15_B003125","G15_B003125","alveolar type 2 cell"
"G15_B003129","G15_B003129","alveolar type 1 cell"
"G15_B003187","G15_B003187","alveolar type 1 cell"
"G16_B000422","G16_B000422","club cell"
"G16_B002073","G16_B002073","alveolar type 2 cell"
"G16_B003132","G16_B003132","alveolar type 2 cell"
"G17_B002078","G17_B002078","alveolar type 2 cell"
"G17_B002079","G17_B002079","alveolar type 2 cell"
"G17_B003105","G17_B003105","alveolar type 2 cell"
"G17_B003588","G17_B003588","unknown stroma2"
"G18_B002073","G18_B002073","alveolar type 2 cell"
"G19_B003116","G19_B003116","club cell"
"G19_B003120","G19_B003120","ionocyte"
"G19_B003930","G19_B003930","unknown stroma4"
"G1_B000861","G1_B000861","unknown stroma3"
"G1_B000862","G1_B000862","unknown stroma3"
"G1_B001474","G1_B001474","alveolar type 2 cell"
"G1_B001558","G1_B001558","alveolar type 2 cell"
"G1_B002090","G1_B002090","hepatocyte"
"G20_B000420","G20_B000420","alveolar type 2 cell"
"G20_B002078","G20_B002078","alveolar type 2 cell"
"G20_B003654","G20_B003654","alveolar type 1 cell"
"G21_B000422","G21_B000422","alveolar type 2 cell"
"G21_B003112","G21_B003112","alveolar type 2 cell"
"G22_B002073","G22_B002073","alveolar type 2 cell"
"G22_B002078","G22_B002078","alveolar type 2 cell"
"G22_B003112","G22_B003112","ionocyte"
"G22_B003116","G22_B003116","club cell"
"G22_B003120","G22_B003120","club cell"
"G22_B003776","G22_B003776","alveolar type 2 cell"
"G22_B003920","G22_B003920","alveolar type 2 cell"
"G2_B000579","G2_B000579","alveolar type 2 cell"
"G2_B000863","G2_B000863","unknown stroma3"
"G3_B000862","G3_B000862","unknown stroma3"
"G3_B001548","G3_B001548","club cell"
"G3_B002090","G3_B002090","hepatocyte"
"G3_B003129","G3_B003129","alveolar type 2 cell"
"G3_B003132","G3_B003132","alveolar type 2 cell"
"G4_B003187","G4_B003187","alveolar type 2 cell"
"G4_B003995","G4_B003995","alveolar type 2 cell"
"G5_B001558","G5_B001558","alveolar type 1 cell"
"G5_B003125","G5_B003125","alveolar type 1 cell"
"G5_B003132","G5_B003132","alveolar type 1 cell"
"G6_B001558","G6_B001558","alveolar type 1 cell"
"G6_B003126","G6_B003126","alveolar type 2 cell"
"G6_B003191","G6_B003191","alveolar type 2 cell"
"G7_B001557","G7_B001557","alveolar type 2 cell"
"G7_B003119","G7_B003119","club cell"
"G7_B003125","G7_B003125","alveolar type 2 cell"
"G7_B003129","G7_B003129","alveolar type 2 cell"
"G7_B003132","G7_B003132","alveolar type 2 cell"
"G7_B003187","G7_B003187","alveolar type 2 cell"
"G7_B003659","G7_B003659","alveolar type 2 cell"
"G8_B001554","G8_B001554","alveolar type 2 cell"
"G8_B003577","G8_B003577","alveolar type 2 cell"
"G9_B000569","G9_B000569","alveolar type 2 cell"
"G9_B001554","G9_B001554","alveolar type 2 cell"
"G9_B001558","G9_B001558","alveolar type 1 cell"
"G9_B003119","G9_B003119","club cell"
"H10_B000862","H10_B000862","unknown stroma3"
"H10_B000863","H10_B000863","unknown stroma3"
"H10_B001558","H10_B001558","alveolar type 1 cell"
"H10_B003071","H10_B003071","hepatocyte"
"H11_B001554","H11_B001554","alveolar type 2 cell"
"H12_B003103","H12_B003103","unknown stroma4"
"H12_B003116","H12_B003116","club cell"
"H12_B003529","H12_B003529","unknown stroma2"
"H13_B000860","H13_B000860","unknown stroma1"
"H13_B002079","H13_B002079","alveolar type 2 cell"
"H14_B000420","H14_B000420","club cell"
"H14_B002073","H14_B002073","alveolar type 1 cell"
"H14_B003112","H14_B003112","club cell"
"H14_B003129","H14_B003129","alveolar type 1 cell"
"H14_B003132","H14_B003132","alveolar type 2 cell"
"H14_B003522","H14_B003522","unknown stroma2"
"H14_B003771","H14_B003771","alveolar type 2 cell"
"H15_B000422","H15_B000422","alveolar type 2 cell"
"H15_B000860","H15_B000860","unknown stroma1"
"H15_B002073","H15_B002073","alveolar type 2 cell"
"H15_B003112","H15_B003112","ciliated cell"
"H15_B003129","H15_B003129","alveolar type 2 cell"
"H15_B003191","H15_B003191","alveolar type 2 cell"
"H16_B000860","H16_B000860","unknown stroma1"
"H16_B003132","H16_B003132","club cell"
"H16_B003588","H16_B003588","unknown stroma2"
"H17_B000420","H17_B000420","alveolar type 2 cell"
"H17_B000422","H17_B000422","club cell"
"H17_B000860","H17_B000860","hepatocyte"
"H17_B003112","H17_B003112","club cell"
"H17_B003119","H17_B003119","hepatocyte"
"H17_B003120","H17_B003120","club cell"
"H18_B000420","H18_B000420","alveolar type 2 cell"
"H18_B000860","H18_B000860","hepatocyte"
"H18_B002074","H18_B002074","alveolar type 2 cell"
"H18_B003116","H18_B003116","club cell"
"H19_B000860","H19_B000860","unknown stroma1"
"H19_B002079","H19_B002079","alveolar type 2 cell"
"H19_B003071","H19_B003071","alveolar type 2 cell"
"H19_B003116","H19_B003116","club cell"
"H1_1001000340","H1_1001000340","alveolar type 2 cell"
"H1_B000860","H1_B000860","unknown stroma3"
"H1_B000883","H1_B000883","alveolar type 2 cell"
"H1_B003071","H1_B003071","hepatocyte"
"H1_B003187","H1_B003187","alveolar type 2 cell"
"H20_B000420","H20_B000420","alveolar type 2 cell"
"H20_B000860","H20_B000860","unknown stroma1"
"H20_B003112","H20_B003112","club cell"
"H20_B003120","H20_B003120","club cell"
"H20_B003588","H20_B003588","unknown stroma2"
"H21_B000420","H21_B000420","club cell"
"H21_B000860","H21_B000860","hepatocyte"
"H21_B002073","H21_B002073","alveolar type 1 cell"
"H21_B002074","H21_B002074","alveolar type 2 cell"
"H21_B003112","H21_B003112","club cell"
"H21_B003654","H21_B003654","alveolar type 2 cell"
"H22_B003112","H22_B003112","unknown stroma2"
"H22_B003129","H22_B003129","alveolar type 1 cell"
"H22_B003588","H22_B003588","unknown stroma2"
"H2_1001000293","H2_1001000293","alveolar type 2 cell"
"H2_B002090","H2_B002090","hepatocyte"
"H2_B003071","H2_B003071","alveolar type 2 cell"
"H2_B003126","H2_B003126","alveolar type 2 cell"
"H2_B003129","H2_B003129","alveolar type 2 cell"
"H2_B003132","H2_B003132","alveolar type 2 cell"
"H2_B003577","H2_B003577","alveolar type 2 cell"
"H3_B001545","H3_B001545","club cell"
"H3_B003126","H3_B003126","alveolar type 1 cell"
"H3_B003129","H3_B003129","alveolar type 2 cell"
"H3_B003132","H3_B003132","alveolar type 1 cell"
"H3_B003187","H3_B003187","club cell"
"H3_B003995","H3_B003995","alveolar type 2 cell"
"H4_B001558","H4_B001558","alveolar type 1 cell"
"H4_B003125","H4_B003125","alveolar type 2 cell"
"H4_B003132","H4_B003132","alveolar type 1 cell"
"H4_B003191","H4_B003191","alveolar type 2 cell"
"H5_B003132","H5_B003132","alveolar type 1 cell"
"H6_B001554","H6_B001554","alveolar type 2 cell"
"H6_B001558","H6_B001558","alveolar type 1 cell"
"H6_B003132","H6_B003132","alveolar type 2 cell"
"H6_B003187","H6_B003187","alveolar type 2 cell"
"H7_1001000377","H7_1001000377","alveolar type 2 cell"
"H7_B001460","H7_B001460","alveolar type 2 cell"
"H7_B001545","H7_B001545","alveolar type 2 cell"
"H7_B001554","H7_B001554","alveolar type 2 cell"
"H7_B001558","H7_B001558","alveolar type 2 cell"
"H7_B003119","H7_B003119","club cell"
"H7_B003125","H7_B003125","alveolar type 2 cell"
"H7_B003577","H7_B003577","alveolar type 2 cell"
"H8_B001474","H8_B001474","alveolar type 2 cell"
"H8_B001558","H8_B001558","alveolar type 1 cell"
"H8_B003126","H8_B003126","alveolar type 2 cell"
"H8_B003129","H8_B003129","alveolar type 2 cell"
"H8_B003187","H8_B003187","alveolar type 2 cell"
"H8_B003523","H8_B003523","alveolar type 2 cell"
"H9_B000861","H9_B000861","alveolar type 2 cell"
"H9_B001548","H9_B001548","alveolar type 2 cell"
"H9_B003588","H9_B003588","unknown stroma2"
"I10_B002074","I10_B002074","alveolar type 2 cell"
"I10_B003577","I10_B003577","alveolar type 2 cell"
"I10_B003647","I10_B003647","hepatocyte"
"I10_B003656","I10_B003656","neuro.e cell"
"I10_B003995","I10_B003995","alveolar type 2 cell"
"I11_B001545","I11_B001545","club cell"
"I11_B003523","I11_B003523","alveolar type 2 cell"
"I11_B003647","I11_B003647","hepatocyte"
"I12_B003105","I12_B003105","unknown stroma4"
"I12_B003119","I12_B003119","ciliated cell"
"I12_B003120","I12_B003120","club cell"
"I12_B003647","I12_B003647","hepatocyte"
"I12_B003656","I12_B003656","neuro.e cell"
"I13_B002074","I13_B002074","alveolar type 2 cell"
"I13_B002077","I13_B002077","club cell"
"I13_B003079","I13_B003079","neuro.e cell"
"I13_B003112","I13_B003112","club cell"
"I13_B003116","I13_B003116","ciliated cell"
"I13_B003129","I13_B003129","hepatocyte"
"I13_B003656","I13_B003656","neuro.e cell"
"I14_B000420","I14_B000420","club cell"
"I14_B002078","I14_B002078","alveolar type 2 cell"
"I14_B002079","I14_B002079","alveolar type 2 cell"
"I14_B003103","I14_B003103","unknown stroma4"
"I14_B003120","I14_B003120","club cell"
"I14_B003187","I14_B003187","alveolar type 2 cell"
"I14_B003191","I14_B003191","alveolar type 2 cell"
"I14_B003588","I14_B003588","unknown stroma2"
"I14_B003646","I14_B003646","unknown stroma1"
"I15_B002074","I15_B002074","alveolar type 2 cell"
"I15_B002097","I15_B002097","alveolar type 2 cell"
"I15_B003112","I15_B003112","club cell"
"I15_B003522","I15_B003522","unknown stroma2"
"I15_B003588","I15_B003588","unknown stroma2"
"I15_B003656","I15_B003656","neuro.e cell"
"I16_B000420","I16_B000420","alveolar type 2 cell"
"I16_B002097","I16_B002097","alveolar type 2 cell"
"I16_B003103","I16_B003103","unknown stroma4"
"I16_B003126","I16_B003126","alveolar type 1 cell"
"I16_B003522","I16_B003522","alveolar type 2 cell"
"I16_B003647","I16_B003647","hepatocyte"
"I16_B003656","I16_B003656","neuro.e cell"
"I17_B003120","I17_B003120","ciliated cell"
"I17_B003647","I17_B003647","hepatocyte"
"I17_B003656","I17_B003656","neuro.e cell"
"I18_B002074","I18_B002074","alveolar type 1 cell"
"I18_B003656","I18_B003656","neuro.e cell"
"I18_B003771","I18_B003771","alveolar type 2 cell"
"I18_B003775","I18_B003775","alveolar type 2 cell"
"I19_B002079","I19_B002079","alveolar type 2 cell"
"I19_B003577","I19_B003577","club cell"
"I19_B003647","I19_B003647","hepatocyte"
"I19_B003656","I19_B003656","neuro.e cell"
"I1_B001543","I1_B001543","alveolar type 2 cell"
"I1_B002090","I1_B002090","hepatocyte"
"I1_B003132","I1_B003132","alveolar type 2 cell"
"I1_B003656","I1_B003656","neuro.e cell"
"I20_B000420","I20_B000420","alveolar type 2 cell"
"I20_B003522","I20_B003522","unknown stroma2"
"I20_B003529","I20_B003529","unknown stroma2"
"I20_B003588","I20_B003588","unknown stroma2"
"I20_B003656","I20_B003656","neuro.e cell"
"I21_B000422","I21_B000422","alveolar type 2 cell"
"I21_B002097","I21_B002097","alveolar type 2 cell"
"I21_B003103","I21_B003103","unknown stroma4"
"I21_B003129","I21_B003129","hepatocyte"
"I21_B003894","I21_B003894","alveolar type 2 cell"
"I21_B003930","I21_B003930","unknown stroma4"
"I22_B002078","I22_B002078","alveolar type 2 cell"
"I22_B003656","I22_B003656","neuro.e cell"
"I22_B003930","I22_B003930","unknown stroma4"
"I2_B002090","I2_B002090","hepatocyte"
"I2_B003187","I2_B003187","alveolar type 2 cell"
"I2_B003656","I2_B003656","neuro.e cell"
"I3_B003656","I3_B003656","neuro.e cell"
"I3_B003995","I3_B003995","alveolar type 2 cell"
"I4_B000861","I4_B000861","unknown stroma3"
"I4_B000863","I4_B000863","unknown stroma3"
"I4_B001464","I4_B001464","alveolar type 2 cell"
"I4_B001558","I4_B001558","alveolar type 2 cell"
"I4_B002090","I4_B002090","alveolar type 2 cell"
"I4_B003125","I4_B003125","alveolar type 2 cell"
"I4_B003129","I4_B003129","club cell"
"I4_B003656","I4_B003656","neuro.e cell"
"I5_B000861","I5_B000861","unknown stroma3"
"I5_B001548","I5_B001548","alveolar type 2 cell"
"I5_B003129","I5_B003129","alveolar type 2 cell"
"I5_B003132","I5_B003132","alveolar type 1 cell"
"I5_B003191","I5_B003191","alveolar type 2 cell"
"I5_B003656","I5_B003656","neuro.e cell"
"I6_B001545","I6_B001545","alveolar type 2 cell"
"I6_B001554","I6_B001554","alveolar type 1 cell"
"I6_B003126","I6_B003126","alveolar type 1 cell"
"I6_B003187","I6_B003187","alveolar type 2 cell"
"I6_B003191","I6_B003191","alveolar type 2 cell"
"I6_B003656","I6_B003656","neuro.e cell"
"I7_B003079","I7_B003079","neuro.e cell"
"I7_B003125","I7_B003125","alveolar type 2 cell"
"I7_B003656","I7_B003656","neuro.e cell"
"I8_B001543","I8_B001543","club cell"
"I8_B001548","I8_B001548","alveolar type 2 cell"
"I8_B001554","I8_B001554","alveolar type 1 cell"
"I8_B001558","I8_B001558","alveolar type 2 cell"
"I8_B003119","I8_B003119","club cell"
"I8_B003132","I8_B003132","alveolar type 2 cell"
"I8_B003191","I8_B003191","alveolar type 2 cell"
"I8_B003656","I8_B003656","neuro.e cell"
"I9_B000860","I9_B000860","unknown stroma3"
"I9_B001558","I9_B001558","alveolar type 2 cell"
"I9_B003522","I9_B003522","unknown stroma2"
"I9_B003523","I9_B003523","alveolar type 2 cell"
"I9_B003588","I9_B003588","unknown stroma2"
"I9_B003656","I9_B003656","neuro.e cell"
"J10_B001554","J10_B001554","alveolar type 1 cell"
"J11_B001475","J11_B001475","alveolar type 2 cell"
"J11_B003119","J11_B003119","ionocyte"
"J11_B003522","J11_B003522","unknown stroma2"
"J11_B003588","J11_B003588","unknown stroma2"
"J11_B003656","J11_B003656","neuro.e cell"
"J12_B003116","J12_B003116","club cell"
"J12_B003656","J12_B003656","neuro.e cell"
"J12_B003920","J12_B003920","alveolar type 2 cell"
"J12_B003930","J12_B003930","unknown stroma4"
"J13_B003529","J13_B003529","unknown stroma2"
"J13_B003656","J13_B003656","neuro.e cell"
"J13_B003995","J13_B003995","alveolar type 2 cell"
"J14_B002073","J14_B002073","alveolar type 1 cell"
"J14_B003132","J14_B003132","alveolar type 1 cell"
"J14_B003187","J14_B003187","alveolar type 2 cell"
"J14_B003656","J14_B003656","neuro.e cell"
"J14_B003930","J14_B003930","unknown stroma4"
"J15_B002074","J15_B002074","alveolar type 1 cell"
"J15_B002078","J15_B002078","alveolar type 2 cell"
"J15_B002097","J15_B002097","alveolar type 2 cell"
"J15_B003126","J15_B003126","alveolar type 2 cell"
"J15_B003129","J15_B003129","alveolar type 2 cell"
"J15_B003132","J15_B003132","alveolar type 1 cell"
"J15_B003187","J15_B003187","alveolar type 1 cell"
"J15_B003191","J15_B003191","alveolar type 2 cell"
"J15_B003656","J15_B003656","neuro.e cell"
"J15_B003776","J15_B003776","club cell"
"J15_B003894","J15_B003894","alveolar type 2 cell"
"J16_B000420","J16_B000420","club cell"
"J16_B002097","J16_B002097","alveolar type 2 cell"
"J16_B003588","J16_B003588","unknown stroma2"
"J16_B003656","J16_B003656","neuro.e cell"
"J17_B003588","J17_B003588","unknown stroma2"
"J17_B003656","J17_B003656","neuro.e cell"
"J17_B003776","J17_B003776","club cell"
"J18_B002074","J18_B002074","alveolar type 2 cell"
"J18_B003588","J18_B003588","unknown stroma1"
"J18_B003643","J18_B003643","hepatocyte"
"J18_B003656","J18_B003656","neuro.e cell"
"J19_B000863","J19_B000863","unknown stroma1"
"J19_B002073","J19_B002073","alveolar type 2 cell"
"J19_B003105","J19_B003105","unknown stroma4"
"J19_B003588","J19_B003588","unknown stroma1"
"J19_B003643","J19_B003643","hepatocyte"
"J19_B003656","J19_B003656","neuro.e cell"
"J1_B001558","J1_B001558","alveolar type 1 cell"
"J1_B003126","J1_B003126","alveolar type 2 cell"
"J1_B003191","J1_B003191","alveolar type 2 cell"
"J1_B003523","J1_B003523","alveolar type 2 cell"
"J1_B003656","J1_B003656","neuro.e cell"
"J20_B000420","J20_B000420","alveolar type 2 cell"
"J20_B000422","J20_B000422","club cell"
"J20_B002073","J20_B002073","alveolar type 1 cell"
"J20_B003588","J20_B003588","unknown stroma1"
"J20_B003656","J20_B003656","neuro.e cell"
"J21_B000863","J21_B000863","hepatocyte"
"J21_B002097","J21_B002097","alveolar type 1 cell"
"J21_B003112","J21_B003112","alveolar type 2 cell"
"J21_B003120","J21_B003120","club cell"
"J21_B003522","J21_B003522","unknown stroma2"
"J21_B003646","J21_B003646","unknown stroma1"
"J21_B003656","J21_B003656","neuro.e cell"
"J22_B003116","J22_B003116","club cell"
"J22_B003129","J22_B003129","alveolar type 1 cell"
"J22_B003191","J22_B003191","alveolar type 1 cell"
"J22_B003529","J22_B003529","unknown stroma2"
"J22_B003588","J22_B003588","unknown stroma1"
"J22_B003656","J22_B003656","neuro.e cell"
"J2_B002090","J2_B002090","hepatocyte"
"J2_B003656","J2_B003656","neuro.e cell"
"J3_B003129","J3_B003129","alveolar type 1 cell"
"J3_B003191","J3_B003191","alveolar type 2 cell"
"J3_B003656","J3_B003656","neuro.e cell"
"J3_B003995","J3_B003995","alveolar type 2 cell"
"J4_B000569","J4_B000569","unknown stroma1"
"J4_B000862","J4_B000862","unknown stroma3"
"J4_B002090","J4_B002090","hepatocyte"
"J4_B003126","J4_B003126","alveolar type 2 cell"
"J4_B003129","J4_B003129","alveolar type 2 cell"
"J4_B003656","J4_B003656","neuro.e cell"
"J4_B003995","J4_B003995","alveolar type 2 cell"
"J5_B001558","J5_B001558","alveolar type 2 cell"
"J5_B003129","J5_B003129","alveolar type 2 cell"
"J5_B003187","J5_B003187","alveolar type 2 cell"
"J5_B003656","J5_B003656","neuro.e cell"
"J6_B001554","J6_B001554","alveolar type 2 cell"
"J6_B001558","J6_B001558","alveolar type 2 cell"
"J6_B003117","J6_B003117","alveolar type 2 cell"
"J6_B003132","J6_B003132","alveolar type 1 cell"
"J6_B003656","J6_B003656","neuro.e cell"
"J7_B001474","J7_B001474","alveolar type 2 cell"
"J7_B003132","J7_B003132","alveolar type 2 cell"
"J8_B001554","J8_B001554","alveolar type 1 cell"
"J8_B001558","J8_B001558","alveolar type 1 cell"
"J8_B003126","J8_B003126","club cell"
"J8_B003528","J8_B003528","alveolar type 2 cell"
"J8_B003656","J8_B003656","neuro.e cell"
"J9_B001554","J9_B001554","alveolar type 1 cell"
"J9_B001557","J9_B001557","alveolar type 2 cell"
"J9_B001558","J9_B001558","alveolar type 1 cell"
"K10_B001554","K10_B001554","alveolar type 1 cell"
"K10_B003119","K10_B003119","basal cell"
"K11_B003119","K11_B003119","basal cell"
"K11_B003523","K11_B003523","alveolar type 2 cell"
"K11_B003663","K11_B003663","alveolar type 2 cell"
"K12_B003120","K12_B003120","ciliated cell"
"K13_B003119","K13_B003119","basal cell"
"K14_B001008","K14_B001008","unknown stroma1"
"K14_B002073","K14_B002073","alveolar type 2 cell"
"K14_B002074","K14_B002074","alveolar type 1 cell"
"K14_B003116","K14_B003116","ionocyte"
"K14_B003119","K14_B003119","basal cell"
"K14_B003588","K14_B003588","unknown stroma2"
"K14_B003920","K14_B003920","alveolar type 2 cell"
"K15_1001000411","K15_1001000411","alveolar type 2 cell"
"K15_B002077","K15_B002077","club cell"
"K15_B002078","K15_B002078","club cell"
"K15_B003119","K15_B003119","basal cell"
"K15_B003187","K15_B003187","alveolar type 2 cell"
"K15_B003191","K15_B003191","alveolar type 1 cell"
"K15_B003522","K15_B003522","unknown stroma2"
"K15_B003771","K15_B003771","alveolar type 1 cell"
"K16_B002079","K16_B002079","alveolar type 2 cell"
"K16_B003120","K16_B003120","ionocyte"
"K16_B003125","K16_B003125","alveolar type 2 cell"
"K16_B003132","K16_B003132","alveolar type 2 cell"
"K16_B003588","K16_B003588","unknown stroma2"
"K16_B003771","K16_B003771","alveolar type 2 cell"
"K17_B000422","K17_B000422","club cell"
"K17_B002074","K17_B002074","alveolar type 1 cell"
"K17_B003119","K17_B003119","basal cell"
"K17_B003529","K17_B003529","unknown stroma2"
"K17_B003930","K17_B003930","unknown stroma4"
"K18_B002097","K18_B002097","alveolar type 2 cell"
"K18_B003112","K18_B003112","club cell"
"K18_B003119","K18_B003119","basal cell"
"K18_B003529","K18_B003529","unknown stroma2"
"K18_B003588","K18_B003588","unknown stroma5"
"K18_B003894","K18_B003894","alveolar type 2 cell"
"K19_B000420","K19_B000420","alveolar type 2 cell"
"K19_B002074","K19_B002074","alveolar type 1 cell"
"K19_B003119","K19_B003119","basal cell"
"K19_B003125","K19_B003125","unknown stroma5"
"K19_B003775","K19_B003775","alveolar type 2 cell"
"K1_B001558","K1_B001558","alveolar type 1 cell"
"K1_B002090","K1_B002090","hepatocyte"
"K1_B003119","K1_B003119","basal cell"
"K1_B003187","K1_B003187","alveolar type 2 cell"
"K1_B003191","K1_B003191","alveolar type 2 cell"
"K1_B003995","K1_B003995","alveolar type 2 cell"
"K20_B002078","K20_B002078","alveolar type 2 cell"
"K20_B003105","K20_B003105","unknown stroma4"
"K20_B003119","K20_B003119","basal cell"
"K20_B003120","K20_B003120","alveolar type 2 cell"
"K20_B003125","K20_B003125","unknown stroma5"
"K20_B003588","K20_B003588","unknown stroma5"
"K20_B003930","K20_B003930","unknown stroma4"
"K21_B002097","K21_B002097","alveolar type 1 cell"
"K21_B003119","K21_B003119","basal cell"
"K21_B003522","K21_B003522","unknown stroma2"
"K21_B003588","K21_B003588","unknown stroma2"
"K21_B003995","K21_B003995","alveolar type 2 cell"
"K22_B001010","K22_B001010","unknown stroma4"
"K22_B002078","K22_B002078","alveolar type 2 cell"
"K22_B002097","K22_B002097","alveolar type 2 cell"
"K22_B003112","K22_B003112","club cell"
"K22_B003119","K22_B003119","basal cell"
"K22_B003125","K22_B003125","alveolar type 1 cell"
"K22_B003588","K22_B003588","unknown stroma5"
"K2_B002090","K2_B002090","hepatocyte"
"K2_B003119","K2_B003119","basal cell"
"K2_B003126","K2_B003126","alveolar type 2 cell"
"K2_B003187","K2_B003187","alveolar type 2 cell"
"K3_B003119","K3_B003119","basal cell"
"K3_B003126","K3_B003126","alveolar type 2 cell"
"K3_B003187","K3_B003187","alveolar type 2 cell"
"K3_B003191","K3_B003191","alveolar type 2 cell"
"K4_B003119","K4_B003119","basal cell"
"K4_B003995","K4_B003995","ciliated cell"
"K5_B003119","K5_B003119","basal cell"
"K5_B003126","K5_B003126","alveolar type 2 cell"
"K6_B000862","K6_B000862","alveolar type 2 cell"
"K6_B000863","K6_B000863","alveolar type 2 cell"
"K6_B001558","K6_B001558","alveolar type 2 cell"
"K6_B003119","K6_B003119","basal cell"
"K6_B003132","K6_B003132","alveolar type 1 cell"
"K6_B003191","K6_B003191","ciliated cell"
"K7_B001545","K7_B001545","alveolar type 2 cell"
"K7_B001558","K7_B001558","alveolar type 2 cell"
"K7_B003119","K7_B003119","basal cell"
"K7_B003125","K7_B003125","alveolar type 1 cell"
"K7_B003126","K7_B003126","alveolar type 2 cell"
"K7_B003132","K7_B003132","alveolar type 1 cell"
"K7_B003528","K7_B003528","alveolar type 2 cell"
"K7_B003995","K7_B003995","alveolar type 2 cell"
"K8_B001554","K8_B001554","alveolar type 1 cell"
"K8_B001558","K8_B001558","alveolar type 1 cell"
"K8_B001559","K8_B001559","alveolar type 2 cell"
"K8_B003126","K8_B003126","alveolar type 2 cell"
"K8_B003191","K8_B003191","alveolar type 2 cell"
"K9_B001545","K9_B001545","alveolar type 2 cell"
"K9_B001558","K9_B001558","alveolar type 2 cell"
"K9_B003119","K9_B003119","basal cell"
"K9_B003523","K9_B003523","alveolar type 2 cell"
"L10_B001554","L10_B001554","alveolar type 1 cell"
"L10_B003116","L10_B003116","hepatocyte"
"L10_B003523","L10_B003523","alveolar type 2 cell"
"L11_1001000340","L11_1001000340","alveolar type 2 cell"
"L11_B001554","L11_B001554","alveolar type 1 cell"
"L11_B001558","L11_B001558","alveolar type 1 cell"
"L13_B003129","L13_B003129","hepatocyte"
"L13_B003588","L13_B003588","unknown stroma2"
"L13_B003771","L13_B003771","alveolar type 2 cell"
"L14_1001000412","L14_1001000412","alveolar type 2 cell"
"L14_B003112","L14_B003112","club cell"
"L14_B003120","L14_B003120","ionocyte"
"L14_B003132","L14_B003132","alveolar type 2 cell"
"L14_B003187","L14_B003187","alveolar type 2 cell"
"L14_B003522","L14_B003522","unknown stroma2"
"L14_B003588","L14_B003588","unknown stroma2"
"L15_B000422","L15_B000422","alveolar type 2 cell"
"L15_B002078","L15_B002078","alveolar type 2 cell"
"L15_B003103","L15_B003103","unknown stroma4"
"L15_B003120","L15_B003120","club cell"
"L15_B003191","L15_B003191","alveolar type 2 cell"
"L15_B003995","L15_B003995","alveolar type 2 cell"
"L16_B002079","L16_B002079","club cell"
"L16_B003103","L16_B003103","unknown stroma4"
"L16_B003112","L16_B003112","club cell"
"L16_B003129","L16_B003129","alveolar type 2 cell"
"L16_B003132","L16_B003132","alveolar type 2 cell"
"L17_B000422","L17_B000422","club cell"
"L17_B002074","L17_B002074","alveolar type 2 cell"
"L17_B003120","L17_B003120","club cell"
"L17_B003129","L17_B003129","hepatocyte"
"L18_B002077","L18_B002077","alveolar type 2 cell"
"L18_B002097","L18_B002097","alveolar type 2 cell"
"L18_B003105","L18_B003105","unknown stroma4"
"L18_B003120","L18_B003120","club cell"
"L18_B003129","L18_B003129","alveolar type 2 cell"
"L19_B000420","L19_B000420","alveolar type 2 cell"
"L19_B000422","L19_B000422","alveolar type 2 cell"
"L19_B003126","L19_B003126","hepatocyte"
"L19_B003129","L19_B003129","alveolar type 2 cell"
"L19_B003529","L19_B003529","unknown stroma2"
"L1_B000863","L1_B000863","unknown stroma3"
"L1_B003077","L1_B003077","unknown stroma1"
"L1_B003129","L1_B003129","alveolar type 1 cell"
"L1_B003132","L1_B003132","alveolar type 1 cell"
"L1_B003191","L1_B003191","alveolar type 2 cell"
"L20_B000420","L20_B000420","alveolar type 2 cell"
"L20_B002077","L20_B002077","alveolar type 2 cell"
"L20_B002078","L20_B002078","alveolar type 2 cell"
"L20_B003120","L20_B003120","club cell"
"L21_B000580","L21_B000580","unknown stroma1"
"L21_B002074","L21_B002074","alveolar type 2 cell"
"L21_B003116","L21_B003116","club cell"
"L21_B003120","L21_B003120","club cell"
"L21_B003129","L21_B003129","unknown stroma1"
"L22_B003522","L22_B003522","unknown stroma2"
"L22_B003529","L22_B003529","unknown stroma2"
"L22_B003646","L22_B003646","alveolar type 2 cell"
"L22_B003995","L22_B003995","alveolar type 2 cell"
"L2_B000579","L2_B000579","alveolar type 2 cell"
"L2_B003191","L2_B003191","alveolar type 2 cell"
"L3_B001558","L3_B001558","alveolar type 2 cell"
"L3_B002090","L3_B002090","hepatocyte"
"L3_B003125","L3_B003125","alveolar type 2 cell"
"L3_B003129","L3_B003129","alveolar type 2 cell"
"L3_B003132","L3_B003132","alveolar type 2 cell"
"L3_B003187","L3_B003187","alveolar type 2 cell"
"L3_B003648","L3_B003648","alveolar type 2 cell"
"L4_B003187","L4_B003187","alveolar type 2 cell"
"L5_B001554","L5_B001554","alveolar type 2 cell"
"L5_B001558","L5_B001558","alveolar type 1 cell"
"L5_B003112","L5_B003112","club cell"
"L5_B003126","L5_B003126","alveolar type 2 cell"
"L5_B003659","L5_B003659","alveolar type 2 cell"
"L6_B001545","L6_B001545","alveolar type 2 cell"
"L6_B001548","L6_B001548","club cell"
"L6_B001554","L6_B001554","alveolar type 1 cell"
"L6_B001558","L6_B001558","alveolar type 1 cell"
"L6_B003112","L6_B003112","ciliated cell"
"L6_B003126","L6_B003126","alveolar type 2 cell"
"L6_B003132","L6_B003132","alveolar type 2 cell"
"L6_B003187","L6_B003187","alveolar type 2 cell"
"L7_B001554","L7_B001554","alveolar type 2 cell"
"L7_B002571","L7_B002571","alveolar type 2 cell"
"L7_B003132","L7_B003132","alveolar type 2 cell"
"L7_B003995","L7_B003995","alveolar type 2 cell"
"L8_B001543","L8_B001543","club cell"
"L8_B001558","L8_B001558","alveolar type 1 cell"
"L8_B003126","L8_B003126","alveolar type 1 cell"
"M10_B001554","M10_B001554","alveolar type 2 cell"
"M10_B003529","M10_B003529","unknown stroma2"
"M11_B001554","M11_B001554","alveolar type 2 cell"
"M11_B002074","M11_B002074","alveolar type 1 cell"
"M11_B003119","M11_B003119","ciliated cell"
"M11_B003191","M11_B003191","unknown stroma1"
"M11_B003529","M11_B003529","unknown stroma2"
"M12_B003103","M12_B003103","unknown stroma4"
"M12_B003116","M12_B003116","ciliated cell"
"M12_B003120","M12_B003120","ciliated cell"
"M12_B003191","M12_B003191","unknown stroma1"
"M12_B003588","M12_B003588","unknown stroma2"
"M13_1001000412","M13_1001000412","alveolar type 2 cell"
"M13_B000422","M13_B000422","alveolar type 2 cell"
"M13_B001554","M13_B001554","hepatocyte"
"M13_B003771","M13_B003771","alveolar type 2 cell"
"M13_B003995","M13_B003995","alveolar type 2 cell"
"M14_1001000366","M14_1001000366","alveolar type 2 cell"
"M14_B002073","M14_B002073","alveolar type 2 cell"
"M14_B002097","M14_B002097","alveolar type 1 cell"
"M14_B003097","M14_B003097","hepatocyte"
"M14_B003112","M14_B003112","club cell"
"M14_B003187","M14_B003187","alveolar type 2 cell"
"M14_B003522","M14_B003522","unknown stroma2"
"M15_B000420","M15_B000420","club cell"
"M15_B002073","M15_B002073","alveolar type 1 cell"
"M15_B002074","M15_B002074","alveolar type 2 cell"
"M15_B003112","M15_B003112","ciliated cell"
"M15_B003125","M15_B003125","alveolar type 2 cell"
"M15_B003522","M15_B003522","unknown stroma2"
"M15_B003775","M15_B003775","alveolar type 2 cell"
"M16_B002073","M16_B002073","alveolar type 1 cell"
"M16_B003097","M16_B003097","hepatocyte"
"M16_B003120","M16_B003120","alveolar type 2 cell"
"M16_B003126","M16_B003126","alveolar type 2 cell"
"M16_B003187","M16_B003187","alveolar type 2 cell"
"M16_B003894","M16_B003894","alveolar type 2 cell"
"M17_B003120","M17_B003120","club cell"
"M17_B003191","M17_B003191","unknown stroma1"
"M17_B003776","M17_B003776","alveolar type 2 cell"
"M18_B000420","M18_B000420","club cell"
"M18_B003112","M18_B003112","ionocyte"
"M18_B003116","M18_B003116","club cell"
"M19_B000420","M19_B000420","club cell"
"M19_B003112","M19_B003112","alveolar type 2 cell"
"M19_B003588","M19_B003588","unknown stroma2"
"M19_B003775","M19_B003775","club cell"
"M1_B002090","M1_B002090","hepatocyte"
"M1_B003126","M1_B003126","alveolar type 2 cell"
"M20_1001000412","M20_1001000412","alveolar type 2 cell"
"M20_B002097","M20_B002097","alveolar type 2 cell"
"M20_B003067","M20_B003067","alveolar type 2 cell"
"M20_B003112","M20_B003112","club cell"
"M20_B003191","M20_B003191","unknown stroma1"
"M20_B003995","M20_B003995","alveolar type 2 cell"
"M21_B002077","M21_B002077","alveolar type 2 cell"
"M21_B003120","M21_B003120","club cell"
"M21_B003191","M21_B003191","unknown stroma1"
"M21_B003522","M21_B003522","unknown stroma2"
"M21_B003894","M21_B003894","alveolar type 2 cell"
"M22_B002074","M22_B002074","alveolar type 2 cell"
"M22_B003116","M22_B003116","club cell"
"M22_B003120","M22_B003120","ionocyte"
"M22_B003126","M22_B003126","alveolar type 1 cell"
"M22_B003187","M22_B003187","alveolar type 1 cell"
"M2_B001558","M2_B001558","alveolar type 1 cell"
"M2_B003125","M2_B003125","alveolar type 2 cell"
"M2_B003126","M2_B003126","club cell"
"M2_B003132","M2_B003132","alveolar type 1 cell"
"M2_B003191","M2_B003191","alveolar type 2 cell"
"M3_B002090","M3_B002090","hepatocyte"
"M3_B003126","M3_B003126","alveolar type 2 cell"
"M3_B003132","M3_B003132","alveolar type 2 cell"
"M3_B003187","M3_B003187","alveolar type 2 cell"
"M3_B003191","M3_B003191","alveolar type 2 cell"
"M3_B003995","M3_B003995","alveolar type 2 cell"
"M4_B003125","M4_B003125","alveolar type 2 cell"
"M4_B003126","M4_B003126","club cell"
"M5_B000863","M5_B000863","unknown stroma3"
"M5_B001554","M5_B001554","alveolar type 2 cell"
"M5_B003132","M5_B003132","alveolar type 2 cell"
"M6_B001558","M6_B001558","ciliated cell"
"M7_B001548","M7_B001548","club cell"
"M7_B003119","M7_B003119","ciliated cell"
"M7_B003125","M7_B003125","alveolar type 2 cell"
"M7_B003129","M7_B003129","alveolar type 1 cell"
"M7_B003132","M7_B003132","alveolar type 1 cell"
"M7_B003523","M7_B003523","alveolar type 2 cell"
"M8_B000861","M8_B000861","unknown stroma3"
"M8_B001543","M8_B001543","club cell"
"M8_B003187","M8_B003187","alveolar type 1 cell"
"M8_B003527","M8_B003527","unknown stroma2"
"M9_B001545","M9_B001545","ciliated cell"
"M9_B003119","M9_B003119","ciliated cell"
"M9_B003191","M9_B003191","unknown stroma1"
"M9_B003522","M9_B003522","unknown stroma2"
"M9_B003995","M9_B003995","alveolar type 2 cell"
"N10_B000863","N10_B000863","unknown stroma3"
"N11_B001554","N11_B001554","alveolar type 2 cell"
"N11_B003643","N11_B003643","hepatocyte"
"N11_B003647","N11_B003647","alveolar type 2 cell"
"N12_B003116","N12_B003116","ionocyte"
"N12_B003119","N12_B003119","club cell"
"N12_B003588","N12_B003588","unknown stroma2"
"N12_B003643","N12_B003643","hepatocyte"
"N13_B000422","N13_B000422","alveolar type 2 cell"
"N13_B003119","N13_B003119","hepatocyte"
"N13_B003518","N13_B003518","unknown stroma2"
"N13_B003771","N13_B003771","alveolar type 1 cell"
"N14_1001000407","N14_1001000407","alveolar type 2 cell"
"N14_B002073","N14_B002073","alveolar type 2 cell"
"N14_B002074","N14_B002074","alveolar type 2 cell"
"N14_B003126","N14_B003126","alveolar type 2 cell"
"N14_B003643","N14_B003643","hepatocyte"
"N14_B003894","N14_B003894","alveolar type 2 cell"
"N15_B000420","N15_B000420","alveolar type 2 cell"
"N15_B002097","N15_B002097","alveolar type 1 cell"
"N15_B003125","N15_B003125","alveolar type 2 cell"
"N15_B003132","N15_B003132","alveolar type 2 cell"
"N15_B003588","N15_B003588","unknown stroma2"
"N15_B003894","N15_B003894","alveolar type 2 cell"
"N16_B000420","N16_B000420","alveolar type 2 cell"
"N16_B002077","N16_B002077","club cell"
"N16_B003105","N16_B003105","unknown stroma4"
"N16_B003126","N16_B003126","alveolar type 2 cell"
"N16_B003132","N16_B003132","alveolar type 1 cell"
"N16_B003643","N16_B003643","hepatocyte"
"N16_B003771","N16_B003771","alveolar type 2 cell"
"N17_B002097","N17_B002097","alveolar type 2 cell"
"N17_B003112","N17_B003112","ciliated cell"
"N18_B002090","N18_B002090","ionocyte"
"N18_B003112","N18_B003112","club cell"
"N19_B003112","N19_B003112","ionocyte"
"N19_B003920","N19_B003920","alveolar type 1 cell"
"N1_B001558","N1_B001558","alveolar type 1 cell"
"N1_B003125","N1_B003125","alveolar type 2 cell"
"N1_B003132","N1_B003132","alveolar type 2 cell"
"N1_B003187","N1_B003187","alveolar type 2 cell"
"N1_B003191","N1_B003191","alveolar type 2 cell"
"N1_B003995","N1_B003995","alveolar type 2 cell"
"N20_B000422","N20_B000422","club cell"
"N20_B003112","N20_B003112","ionocyte"
"N20_B003116","N20_B003116","ciliated cell"
"N21_B002073","N21_B002073","alveolar type 2 cell"
"N21_B002074","N21_B002074","alveolar type 2 cell"
"N21_B003120","N21_B003120","club cell"
"N21_B003522","N21_B003522","unknown stroma2"
"N21_B003771","N21_B003771","alveolar type 2 cell"
"N22_B002079","N22_B002079","club cell"
"N22_B003119","N22_B003119","unknown stroma1"
"N22_B003132","N22_B003132","alveolar type 1 cell"
"N22_B003187","N22_B003187","alveolar type 2 cell"
"N22_B003529","N22_B003529","unknown stroma2"
"N22_B003775","N22_B003775","alveolar type 2 cell"
"N2_B001558","N2_B001558","alveolar type 1 cell"
"N2_B002090","N2_B002090","hepatocyte"
"N2_B003129","N2_B003129","alveolar type 1 cell"
"N2_B003132","N2_B003132","alveolar type 2 cell"
"N3_B000861","N3_B000861","unknown stroma3"
"N3_B003116","N3_B003116","hepatocyte"
"N3_B003126","N3_B003126","alveolar type 2 cell"
"N3_B003643","N3_B003643","hepatocyte"
"N3_B003658","N3_B003658","alveolar type 2 cell"
"N4_B000861","N4_B000861","unknown stroma3"
"N4_B000863","N4_B000863","unknown stroma3"
"N4_B003643","N4_B003643","hepatocyte"
"N5_B001545","N5_B001545","alveolar type 2 cell"
"N6_B001558","N6_B001558","alveolar type 1 cell"
"N6_B003129","N6_B003129","alveolar type 2 cell"
"N6_B003132","N6_B003132","alveolar type 1 cell"
"N6_B003643","N6_B003643","hepatocyte"
"N6_B003659","N6_B003659","alveolar type 2 cell"
"N7_B003129","N7_B003129","alveolar type 2 cell"
"N7_B003191","N7_B003191","alveolar type 2 cell"
"N7_B003643","N7_B003643","hepatocyte"
"N8_B002073","N8_B002073","hepatocyte"
"N8_B003125","N8_B003125","alveolar type 2 cell"
"N8_B003129","N8_B003129","alveolar type 2 cell"
"N8_B003132","N8_B003132","alveolar type 2 cell"
"N8_B003191","N8_B003191","alveolar type 2 cell"
"N8_B003528","N8_B003528","alveolar type 2 cell"
"N8_B003643","N8_B003643","hepatocyte"
"N9_B000862","N9_B000862","unknown stroma3"
"N9_B001543","N9_B001543","alveolar type 2 cell"
"N9_B003643","N9_B003643","hepatocyte"
"N9_B003995","N9_B003995","alveolar type 1 cell"
"O10_B001554","O10_B001554","alveolar type 2 cell"
"O10_B001558","O10_B001558","alveolar type 2 cell"
"O10_B003187","O10_B003187","hepatocyte"
"O10_B003522","O10_B003522","unknown stroma2"
"O10_B003528","O10_B003528","alveolar type 2 cell"
"O11_B001007","O11_B001007","alveolar type 2 cell"
"O11_B001554","O11_B001554","alveolar type 2 cell"
"O11_B001558","O11_B001558","alveolar type 2 cell"
"O11_B003577","O11_B003577","alveolar type 2 cell"
"O11_B003663","O11_B003663","alveolar type 2 cell"
"O12_B003187","O12_B003187","hepatocyte"
"O12_B003528","O12_B003528","hepatocyte"
"O12_B003894","O12_B003894","alveolar type 1 cell"
"O13_B002079","O13_B002079","club cell"
"O13_B003112","O13_B003112","club cell"
"O13_B003120","O13_B003120","alveolar type 2 cell"
"O13_B003518","O13_B003518","unknown stroma2"
"O13_B003528","O13_B003528","unknown stroma1"
"O13_B003529","O13_B003529","unknown stroma2"
"O14_B002077","O14_B002077","club cell"
"O14_B003112","O14_B003112","ciliated cell"
"O15_B001007","O15_B001007","alveolar type 2 cell"
"O15_B003132","O15_B003132","alveolar type 2 cell"
"O15_B003191","O15_B003191","alveolar type 2 cell"
"O15_B003529","O15_B003529","unknown stroma2"
"O16_B001007","O16_B001007","alveolar type 2 cell"
"O16_B003112","O16_B003112","club cell"
"O16_B003125","O16_B003125","unknown stroma5"
"O16_B003187","O16_B003187","unknown stroma1"
"O16_B003522","O16_B003522","unknown stroma2"
"O16_B003528","O16_B003528","hepatocyte"
"O17_B000420","O17_B000420","alveolar type 2 cell"
"O17_B001007","O17_B001007","alveolar type 2 cell"
"O17_B002079","O17_B002079","club cell"
"O17_B003528","O17_B003528","unknown stroma1"
"O18_B000420","O18_B000420","alveolar type 2 cell"
"O18_B001007","O18_B001007","alveolar type 2 cell"
"O18_B001554","O18_B001554","hepatocyte"
"O18_B002077","O18_B002077","alveolar type 2 cell"
"O18_B003116","O18_B003116","ionocyte"
"O18_B003125","O18_B003125","unknown stroma5"
"O19_B000420","O19_B000420","alveolar type 2 cell"
"O19_B002074","O19_B002074","alveolar type 2 cell"
"O19_B003112","O19_B003112","club cell"
"O19_B003116","O19_B003116","club cell"
"O19_B003528","O19_B003528","unknown stroma1"
"O1_B001617","O1_B001617","alveolar type 2 cell"
"O1_B003132","O1_B003132","alveolar type 2 cell"
"O1_B003187","O1_B003187","alveolar type 2 cell"
"O20_B001007","O20_B001007","alveolar type 2 cell"
"O20_B001558","O20_B001558","hepatocyte"
"O20_B003527","O20_B003527","unknown stroma2"
"O20_B003528","O20_B003528","hepatocyte"
"O20_B003771","O20_B003771","alveolar type 2 cell"
"O20_B003894","O20_B003894","club cell"
"O21_B002079","O21_B002079","alveolar type 2 cell"
"O21_B003116","O21_B003116","alveolar type 2 cell"
"O21_B003120","O21_B003120","club cell"
"O21_B003528","O21_B003528","hepatocyte"
"O21_B003646","O21_B003646","alveolar type 2 cell"
"O22_B000422","O22_B000422","alveolar type 2 cell"
"O22_B003112","O22_B003112","club cell"
"O22_B003528","O22_B003528","unknown stroma1"
"O2_B001558","O2_B001558","alveolar type 1 cell"
"O2_B003129","O2_B003129","alveolar type 2 cell"
"O2_B003132","O2_B003132","alveolar type 2 cell"
"O2_B003658","O2_B003658","alveolar type 2 cell"
"O3_B001548","O3_B001548","club cell"
"O3_B002090","O3_B002090","hepatocyte"
"O3_B003126","O3_B003126","alveolar type 1 cell"
"O3_B003132","O3_B003132","alveolar type 2 cell"
"O3_B003187","O3_B003187","alveolar type 2 cell"
"O4_B000863","O4_B000863","unknown stroma3"
"O4_B001558","O4_B001558","alveolar type 2 cell"
"O4_B003126","O4_B003126","alveolar type 2 cell"
"O5_B003125","O5_B003125","alveolar type 2 cell"
"O5_B003129","O5_B003129","alveolar type 1 cell"
"O5_B003187","O5_B003187","alveolar type 1 cell"
"O5_B003995","O5_B003995","alveolar type 1 cell"
"O6_B001554","O6_B001554","alveolar type 2 cell"
"O6_B001558","O6_B001558","alveolar type 2 cell"
"O6_B003126","O6_B003126","alveolar type 1 cell"
"O6_B003129","O6_B003129","alveolar type 2 cell"
"O6_B003132","O6_B003132","alveolar type 2 cell"
"O6_B003191","O6_B003191","alveolar type 2 cell"
"O7_B001545","O7_B001545","alveolar type 2 cell"
"O7_B003125","O7_B003125","alveolar type 2 cell"
"O7_B003894","O7_B003894","unknown stroma1"
"O8_B000861","O8_B000861","unknown stroma3"
"O8_B001548","O8_B001548","club cell"
"O8_B001558","O8_B001558","alveolar type 2 cell"
"O8_B003129","O8_B003129","alveolar type 2 cell"
"O8_B003132","O8_B003132","alveolar type 2 cell"
"O8_B003187","O8_B003187","club cell"
"O8_B003191","O8_B003191","alveolar type 2 cell"
"O8_B003528","O8_B003528","alveolar type 2 cell"
"O9_B000863","O9_B000863","unknown stroma3"
"O9_B001007","O9_B001007","alveolar type 2 cell"
"O9_B001545","O9_B001545","alveolar type 2 cell"
"O9_B001558","O9_B001558","alveolar type 1 cell"
"O9_B003528","O9_B003528","alveolar type 2 cell"
"P10_B000419","P10_B000419","alveolar type 2 cell"
"P10_B001545","P10_B001545","alveolar type 2 cell"
"P10_B003191","P10_B003191","hepatocyte"
"P10_B003656","P10_B003656","alveolar type 2 cell"
"P11_B000419","P11_B000419","alveolar type 2 cell"
"P11_B000580","P11_B000580","alveolar type 2 cell"
"P11_B001543","P11_B001543","alveolar type 2 cell"
"P11_B001548","P11_B001548","alveolar type 2 cell"
"P11_B002077","P11_B002077","alveolar type 2 cell"
"P11_B003523","P11_B003523","alveolar type 2 cell"
"P12_B000419","P12_B000419","alveolar type 2 cell"
"P12_B003120","P12_B003120","ionocyte"
"P12_B003656","P12_B003656","alveolar type 2 cell"
"P13_B000419","P13_B000419","alveolar type 2 cell"
"P13_B003116","P13_B003116","ciliated cell"
"P13_B003656","P13_B003656","alveolar type 2 cell"
"P13_B003930","P13_B003930","unknown stroma4"
"P14_B000419","P14_B000419","alveolar type 2 cell"
"P14_B002097","P14_B002097","alveolar type 2 cell"
"P14_B003116","P14_B003116","club cell"
"P14_B003120","P14_B003120","ciliated cell"
"P14_B003125","P14_B003125","alveolar type 2 cell"
"P14_B003132","P14_B003132","alveolar type 1 cell"
"P14_B003191","P14_B003191","alveolar type 2 cell"
"P14_B003522","P14_B003522","unknown stroma2"
"P14_B003656","P14_B003656","alveolar type 2 cell"
"P15_B000419","P15_B000419","alveolar type 2 cell"
"P15_B003105","P15_B003105","unknown stroma4"
"P15_B003771","P15_B003771","alveolar type 2 cell"
"P15_B003777","P15_B003777","alveolar type 2 cell"
"P16_B000419","P16_B000419","alveolar type 2 cell"
"P16_B000422","P16_B000422","alveolar type 2 cell"
"P16_B002077","P16_B002077","alveolar type 2 cell"
"P16_B003044","P16_B003044","alveolar type 2 cell"
"P16_B003129","P16_B003129","alveolar type 2 cell"
"P17_B000419","P17_B000419","alveolar type 2 cell"
"P17_B003191","P17_B003191","hepatocyte"
"P17_B003656","P17_B003656","alveolar type 2 cell"
"P17_B003920","P17_B003920","alveolar type 2 cell"
"P18_B000419","P18_B000419","alveolar type 2 cell"
"P18_B002097","P18_B002097","alveolar type 2 cell"
"P18_B003116","P18_B003116","ciliated cell"
"P18_B003529","P18_B003529","unknown stroma2"
"P18_B003656","P18_B003656","alveolar type 2 cell"
"P18_B003930","P18_B003930","unknown stroma1"
"P18_B003995","P18_B003995","alveolar type 2 cell"
"P19_B000419","P19_B000419","alveolar type 2 cell"
"P19_B000422","P19_B000422","alveolar type 2 cell"
"P19_B002074","P19_B002074","alveolar type 1 cell"
"P19_B003646","P19_B003646","alveolar type 2 cell"
"P19_B003656","P19_B003656","alveolar type 2 cell"
"P1_B000419","P1_B000419","hepatocyte"
"P1_B001543","P1_B001543","alveolar type 2 cell"
"P1_B003126","P1_B003126","alveolar type 2 cell"
"P1_B003132","P1_B003132","alveolar type 1 cell"
"P1_B003187","P1_B003187","alveolar type 2 cell"
"P20_B000419","P20_B000419","alveolar type 2 cell"
"P20_B000420","P20_B000420","alveolar type 2 cell"
"P20_B003656","P20_B003656","alveolar type 2 cell"
"P20_B003995","P20_B003995","alveolar type 2 cell"
"P21_B000419","P21_B000419","alveolar type 2 cell"
"P21_B000862","P21_B000862","alveolar type 2 cell"
"P21_B002073","P21_B002073","alveolar type 2 cell"
"P21_B003588","P21_B003588","unknown stroma2"
"P22_B000419","P22_B000419","alveolar type 2 cell"
"P22_B000422","P22_B000422","alveolar type 2 cell"
"P22_B002079","P22_B002079","alveolar type 2 cell"
"P22_B002097","P22_B002097","alveolar type 1 cell"
"P22_B003656","P22_B003656","alveolar type 2 cell"
"P2_B000419","P2_B000419","alveolar type 2 cell"
"P2_B001464","P2_B001464","club cell"
"P2_B002090","P2_B002090","alveolar type 2 cell"
"P2_B003656","P2_B003656","alveolar type 2 cell"
"P3_B000419","P3_B000419","alveolar type 2 cell"
"P3_B000862","P3_B000862","unknown stroma3"
"P3_B002090","P3_B002090","hepatocyte"
"P3_B003126","P3_B003126","alveolar type 2 cell"
"P3_B003187","P3_B003187","alveolar type 2 cell"
"P3_B003191","P3_B003191","alveolar type 2 cell"
"P4_1001000411","P4_1001000411","alveolar type 2 cell"
"P4_B000419","P4_B000419","alveolar type 2 cell"
"P4_B001554","P4_B001554","alveolar type 1 cell"
"P4_B002090","P4_B002090","hepatocyte"
"P4_B003115","P4_B003115","unknown stroma1"
"P4_B003132","P4_B003132","alveolar type 2 cell"
"P4_B003187","P4_B003187","alveolar type 1 cell"
"P5_B000419","P5_B000419","alveolar type 2 cell"
"P5_B000422","P5_B000422","unknown stroma1"
"P5_B000863","P5_B000863","unknown stroma3"
"P5_B003125","P5_B003125","alveolar type 2 cell"
"P5_B003129","P5_B003129","alveolar type 2 cell"
"P5_B003187","P5_B003187","alveolar type 2 cell"
"P5_B003191","P5_B003191","alveolar type 2 cell"
"P6_B000419","P6_B000419","alveolar type 2 cell"
"P6_B001543","P6_B001543","alveolar type 2 cell"
"P6_B001558","P6_B001558","alveolar type 1 cell"
"P6_B003103","P6_B003103","hepatocyte"
"P6_B003132","P6_B003132","alveolar type 2 cell"
"P6_B003187","P6_B003187","alveolar type 2 cell"
"P6_B003191","P6_B003191","club cell"
"P7_B000419","P7_B000419","alveolar type 2 cell"
"P7_B001543","P7_B001543","alveolar type 2 cell"
"P7_B001554","P7_B001554","alveolar type 2 cell"
"P7_B003125","P7_B003125","alveolar type 2 cell"
"P7_B003187","P7_B003187","alveolar type 2 cell"
"P7_B003656","P7_B003656","alveolar type 2 cell"
"P8_B000419","P8_B000419","alveolar type 2 cell"
"P8_B001545","P8_B001545","alveolar type 2 cell"
"P8_B001558","P8_B001558","alveolar type 2 cell"
"P8_B003125","P8_B003125","alveolar type 2 cell"
"P8_B003132","P8_B003132","alveolar type 2 cell"
"P8_B003187","P8_B003187","alveolar type 2 cell"
"P8_B003191","P8_B003191","alveolar type 1 cell"
"P8_B003995","P8_B003995","alveolar type 2 cell"
"P9_B000419","P9_B000419","alveolar type 2 cell"
"P9_B003577","P9_B003577","alveolar type 2 cell"
"P9_B003656","P9_B003656","alveolar type 2 cell"
"A10_B000561","A10_B000561","alveolar type 1 cell"
"A10_B000568","A10_B000568","alveolar type 2 cell"
"A12_B002570","A12_B002570","alveolar type 2 cell"
"A14_B000563","A14_B000563","alveolar type 1 cell"
"A15_B003183","A15_B003183","alveolar type 2 cell"
"A17_B002531","A17_B002531","club cell"
"A17_B003183","A17_B003183","alveolar type 2 cell"
"A1_B002531","A1_B002531","alveolar type 2 cell"
"A1_B002570","A1_B002570","alveolar type 2 cell"
"A22_B000563","A22_B000563","alveolar type 1 cell"
"A22_B003179","A22_B003179","alveolar type 2 cell"
"A3_B002531","A3_B002531","alveolar type 2 cell"
"A5_B000568","A5_B000568","alveolar type 2 cell"
"A6_B000561","A6_B000561","alveolar type 2 cell"
"A7_B000568","A7_B000568","alveolar type 2 cell"
"A7_B002558","A7_B002558","alveolar type 2 cell"
"A7_B002570","A7_B002570","ciliated cell"
"A9_B002558","A9_B002558","alveolar type 1 cell"
"B10_B002531","B10_B002531","unknown stroma1"
"B11_B000568","B11_B000568","alveolar type 2 cell"
"B11_B002531","B11_B002531","unknown stroma1"
"B11_B002558","B11_B002558","alveolar type 1 cell"
"B12_B002531","B12_B002531","hepatocyte"
"B12_B003179","B12_B003179","alveolar type 2 cell"
"B13_B002531","B13_B002531","unknown stroma1"
"B15_B003183","B15_B003183","alveolar type 2 cell"
"B16_B000568","B16_B000568","alveolar type 2 cell"
"B17_B000563","B17_B000563","alveolar type 1 cell"
"B17_B003183","B17_B003183","alveolar type 2 cell"
"B1_B001546","B1_B001546","alveolar type 2 cell"
"B20_B003183","B20_B003183","alveolar type 2 cell"
"B21_B003183","B21_B003183","alveolar type 2 cell"
"B2_B000568","B2_B000568","alveolar type 2 cell"
"B2_B002570","B2_B002570","alveolar type 2 cell"
"B3_B002531","B3_B002531","unknown stroma1"
"B4_B000561","B4_B000561","alveolar type 1 cell"
"B4_B002531","B4_B002531","unknown stroma1"
"B4_B002558","B4_B002558","alveolar type 2 cell"
"B6_B002531","B6_B002531","unknown stroma1"
"B7_B000568","B7_B000568","alveolar type 2 cell"
"B8_B000568","B8_B000568","alveolar type 2 cell"
"B8_B001546","B8_B001546","alveolar type 2 cell"
"C10_B000568","C10_B000568","alveolar type 2 cell"
"C10_B001546","C10_B001546","alveolar type 2 cell"
"C11_B000568","C11_B000568","alveolar type 2 cell"
"C12_B001544","C12_B001544","alveolar type 2 cell"
"C14_B000563","C14_B000563","alveolar type 2 cell"
"C16_B003183","C16_B003183","alveolar type 2 cell"
"C19_B000563","C19_B000563","alveolar type 2 cell"
"C1_B000561","C1_B000561","alveolar type 2 cell"
"C1_B000568","C1_B000568","alveolar type 2 cell"
"C21_B000568","C21_B000568","alveolar type 2 cell"
"C2_B000568","C2_B000568","alveolar type 2 cell"
"C2_B002558","C2_B002558","alveolar type 2 cell"
"C4_B000568","C4_B000568","alveolar type 2 cell"
"C5_B002558","C5_B002558","alveolar type 2 cell"
"C6_B000568","C6_B000568","alveolar type 2 cell"
"C6_B002531","C6_B002531","alveolar type 2 cell"
"C7_B002531","C7_B002531","alveolar type 2 cell"
"C8_B002531","C8_B002531","alveolar type 2 cell"
"D11_B002558","D11_B002558","alveolar type 1 cell"
"D12_B001544","D12_B001544","alveolar type 2 cell"
"D12_B002570","D12_B002570","alveolar type 2 cell"
"D14_B000563","D14_B000563","alveolar type 2 cell"
"D14_B003179","D14_B003179","alveolar type 2 cell"
"D17_B003183","D17_B003183","alveolar type 2 cell"
"D18_B003179","D18_B003179","alveolar type 2 cell"
"D20_B000563","D20_B000563","alveolar type 1 cell"
"D20_B003183","D20_B003183","alveolar type 2 cell"
"D2_B002531","D2_B002531","alveolar type 2 cell"
"D2_B002558","D2_B002558","alveolar type 1 cell"
"D4_B000563","D4_B000563","unknown stroma1"
"D4_B002531","D4_B002531","alveolar type 2 cell"
"D6_B002558","D6_B002558","alveolar type 2 cell"
"D7_B000568","D7_B000568","alveolar type 2 cell"
"D7_B002570","D7_B002570","alveolar type 2 cell"
"D8_B000568","D8_B000568","alveolar type 2 cell"
"D8_B002531","D8_B002531","club cell"
"E10_B001544","E10_B001544","alveolar type 2 cell"
"E11_B000563","E11_B000563","unknown stroma1"
"E12_B003179","E12_B003179","alveolar type 2 cell"
"E14_B003179","E14_B003179","alveolar type 2 cell"
"E15_B000563","E15_B000563","alveolar type 1 cell"
"E15_B000568","E15_B000568","hepatocyte"
"E16_B003183","E16_B003183","alveolar type 2 cell"
"E19_B003179","E19_B003179","alveolar type 2 cell"
"E20_B000563","E20_B000563","alveolar type 2 cell"
"E20_B000568","E20_B000568","club cell"
"E20_B003179","E20_B003179","alveolar type 2 cell"
"E22_B003179","E22_B003179","alveolar type 2 cell"
"E22_B003183","E22_B003183","alveolar type 2 cell"
"E2_B002531","E2_B002531","alveolar type 2 cell"
"E3_B002531","E3_B002531","alveolar type 2 cell"
"E3_B002570","E3_B002570","alveolar type 1 cell"
"E5_B000561","E5_B000561","alveolar type 2 cell"
"E6_B002558","E6_B002558","alveolar type 2 cell"
"E7_B002531","E7_B002531","alveolar type 2 cell"
"E8_B000561","E8_B000561","alveolar type 1 cell"
"E8_B000568","E8_B000568","alveolar type 2 cell"
"E8_B002531","E8_B002531","club cell"
"F10_B000568","F10_B000568","club cell"
"F10_B001546","F10_B001546","alveolar type 2 cell"
"F11_B000568","F11_B000568","alveolar type 2 cell"
"F11_B001544","F11_B001544","alveolar type 2 cell"
"F13_B003179","F13_B003179","alveolar type 2 cell"
"F17_B003179","F17_B003179","alveolar type 2 cell"
"F20_B000563","F20_B000563","alveolar type 2 cell"
"F22_B003179","F22_B003179","alveolar type 2 cell"
"F3_B002531","F3_B002531","club cell"
"F4_B002531","F4_B002531","alveolar type 2 cell"
"F5_B000568","F5_B000568","alveolar type 2 cell"
"F6_B002570","F6_B002570","alveolar type 1 cell"
"F7_B002531","F7_B002531","club cell"
"F8_B000568","F8_B000568","alveolar type 2 cell"
"F9_B002531","F9_B002531","club cell"
"G10_B002531","G10_B002531","alveolar type 2 cell"
"G11_B002531","G11_B002531","alveolar type 2 cell"
"G13_B003183","G13_B003183","alveolar type 2 cell"
"G14_B003183","G14_B003183","alveolar type 2 cell"
"G16_B000563","G16_B000563","alveolar type 2 cell"
"G17_B000568","G17_B000568","club cell"
"G19_B003179","G19_B003179","alveolar type 2 cell"
"G1_B000561","G1_B000561","alveolar type 1 cell"
"G20_B000563","G20_B000563","alveolar type 2 cell"
"G20_B003179","G20_B003179","alveolar type 2 cell"
"G2_B000561","G2_B000561","alveolar type 2 cell"
"G3_B002531","G3_B002531","club cell"
"G4_B002570","G4_B002570","alveolar type 2 cell"
"G5_B002570","G5_B002570","alveolar type 2 cell"
"G6_B002531","G6_B002531","alveolar type 2 cell"
"G7_B002531","G7_B002531","alveolar type 2 cell"
"G8_B002531","G8_B002531","alveolar type 2 cell"
"H10_B000568","H10_B000568","club cell"
"H11_B001546","H11_B001546","alveolar type 2 cell"
"H11_B002558","H11_B002558","alveolar type 2 cell"
"H12_B003179","H12_B003179","unknown stroma1"
"H16_B003179","H16_B003179","alveolar type 2 cell"
"H17_B003183","H17_B003183","alveolar type 2 cell"
"H19_B003179","H19_B003179","alveolar type 2 cell"
"H1_B000561","H1_B000561","alveolar type 1 cell"
"H1_B002570","H1_B002570","alveolar type 2 cell"
"H20_B000563","H20_B000563","alveolar type 2 cell"
"H2_B000568","H2_B000568","alveolar type 2 cell"
"H4_B002531","H4_B002531","alveolar type 2 cell"
"H4_B002558","H4_B002558","alveolar type 1 cell"
"H5_B000568","H5_B000568","alveolar type 2 cell"
"H5_B002570","H5_B002570","alveolar type 2 cell"
"H6_B000561","H6_B000561","alveolar type 2 cell"
"H6_B002558","H6_B002558","alveolar type 1 cell"
"H7_B002570","H7_B002570","alveolar type 2 cell"
"H9_B000568","H9_B000568","club cell"
"H9_B002558","H9_B002558","alveolar type 1 cell"
"I10_B000568","I10_B000568","alveolar type 2 cell"
"I11_B002531","I11_B002531","alveolar type 2 cell"
"I11_B002570","I11_B002570","alveolar type 1 cell"
"I13_B002570","I13_B002570","unknown stroma1"
"I13_B003179","I13_B003179","alveolar type 2 cell"
"I13_B003183","I13_B003183","alveolar type 2 cell"
"I14_B002570","I14_B002570","unknown stroma1"
"I14_B003179","I14_B003179","alveolar type 2 cell"
"I14_B003183","I14_B003183","alveolar type 2 cell"
"I15_B002570","I15_B002570","unknown stroma1"
"I15_B003183","I15_B003183","alveolar type 2 cell"
"I16_B002570","I16_B002570","hepatocyte"
"I17_B002570","I17_B002570","unknown stroma1"
"I17_B003179","I17_B003179","alveolar type 2 cell"
"I18_B003179","I18_B003179","alveolar type 2 cell"
"I19_B002570","I19_B002570","unknown stroma1"
"I20_B000563","I20_B000563","alveolar type 2 cell"
"I20_B002570","I20_B002570","unknown stroma1"
"I21_B000563","I21_B000563","alveolar type 2 cell"
"I21_B002570","I21_B002570","unknown stroma1"
"I21_B003183","I21_B003183","alveolar type 2 cell"
"I2_B002531","I2_B002531","alveolar type 2 cell"
"I3_B000568","I3_B000568","alveolar type 2 cell"
"I4_B002570","I4_B002570","unknown stroma1"
"I5_B002558","I5_B002558","alveolar type 2 cell"
"I6_B000568","I6_B000568","club cell"
"I7_B000568","I7_B000568","club cell"
"I7_B002531","I7_B002531","alveolar type 2 cell"
"I9_B000561","I9_B000561","alveolar type 1 cell"
"I9_B002570","I9_B002570","alveolar type 2 cell"
"J11_B002531","J11_B002531","alveolar type 2 cell"
"J12_B003179","J12_B003179","alveolar type 2 cell"
"J13_B003179","J13_B003179","alveolar type 2 cell"
"J18_B003179","J18_B003179","alveolar type 2 cell"
"J19_B003179","J19_B003179","alveolar type 2 cell"
"J1_B000561","J1_B000561","alveolar type 1 cell"
"J1_B000568","J1_B000568","alveolar type 2 cell"
"J2_B000561","J2_B000561","alveolar type 1 cell"
"J7_B000561","J7_B000561","alveolar type 1 cell"
"J7_B002570","J7_B002570","alveolar type 1 cell"
"J8_B000568","J8_B000568","alveolar type 2 cell"
"J8_B002570","J8_B002570","alveolar type 2 cell"
"K10_B002558","K10_B002558","alveolar type 1 cell"
"K11_B002531","K11_B002531","alveolar type 2 cell"
"K12_B003183","K12_B003183","alveolar type 2 cell"
"K13_B003183","K13_B003183","alveolar type 2 cell"
"K14_B000563","K14_B000563","alveolar type 2 cell"
"K15_B003179","K15_B003179","alveolar type 2 cell"
"K17_B000563","K17_B000563","alveolar type 2 cell"
"K18_B003179","K18_B003179","alveolar type 2 cell"
"K21_B003179","K21_B003179","alveolar type 2 cell"
"K22_B000563","K22_B000563","alveolar type 2 cell"
"K3_B002531","K3_B002531","alveolar type 2 cell"
"K5_B000568","K5_B000568","alveolar type 2 cell"
"K5_B002531","K5_B002531","alveolar type 2 cell"
"K5_B002558","K5_B002558","alveolar type 1 cell"
"K6_B002570","K6_B002570","alveolar type 2 cell"
"K8_B002558","K8_B002558","alveolar type 2 cell"
"K9_B002558","K9_B002558","alveolar type 1 cell"
"L10_B002531","L10_B002531","club cell"
"L12_B002570","L12_B002570","alveolar type 1 cell"
"L15_B003183","L15_B003183","alveolar type 2 cell"
"L17_B003183","L17_B003183","alveolar type 2 cell"
"L18_B003183","L18_B003183","alveolar type 2 cell"
"L19_B003179","L19_B003179","alveolar type 2 cell"
"L19_B003183","L19_B003183","alveolar type 2 cell"
"L21_B003183","L21_B003183","alveolar type 2 cell"
"L22_B003179","L22_B003179","alveolar type 2 cell"
"L2_B002531","L2_B002531","alveolar type 2 cell"
"L2_B002570","L2_B002570","alveolar type 2 cell"
"L3_B002570","L3_B002570","alveolar type 2 cell"
"L5_B002531","L5_B002531","alveolar type 2 cell"
"L8_B002531","L8_B002531","alveolar type 2 cell"
"L9_B000568","L9_B000568","alveolar type 2 cell"
"M10_B000561","M10_B000561","alveolar type 1 cell"
"M13_B003179","M13_B003179","alveolar type 2 cell"
"M14_B003179","M14_B003179","alveolar type 2 cell"
"M16_B003183","M16_B003183","alveolar type 2 cell"
"M17_B000563","M17_B000563","alveolar type 2 cell"
"M18_B003179","M18_B003179","alveolar type 2 cell"
"M18_B003183","M18_B003183","alveolar type 2 cell"
"M1_B000568","M1_B000568","alveolar type 2 cell"
"M1_B002531","M1_B002531","alveolar type 2 cell"
"M20_B000563","M20_B000563","alveolar type 1 cell"
"M21_B003179","M21_B003179","alveolar type 2 cell"
"M22_B003179","M22_B003179","alveolar type 2 cell"
"M5_B002570","M5_B002570","alveolar type 1 cell"
"M7_B000561","M7_B000561","alveolar type 2 cell"
"M8_B000561","M8_B000561","alveolar type 1 cell"
"M8_B002531","M8_B002531","alveolar type 2 cell"
"M9_B000568","M9_B000568","alveolar type 2 cell"
"N11_B002531","N11_B002531","alveolar type 2 cell"
"N12_B003179","N12_B003179","alveolar type 2 cell"
"N13_B000561","N13_B000561","unknown stroma1"
"N14_B000561","N14_B000561","unknown stroma1"
"N14_B000563","N14_B000563","alveolar type 2 cell"
"N17_B000561","N17_B000561","unknown stroma1"
"N17_B000563","N17_B000563","alveolar type 2 cell"
"N18_B000563","N18_B000563","alveolar type 1 cell"
"N18_B003183","N18_B003183","alveolar type 2 cell"
"N19_B000561","N19_B000561","unknown stroma1"
"N19_B003183","N19_B003183","alveolar type 2 cell"
"N20_B003179","N20_B003179","alveolar type 2 cell"
"N21_B000561","N21_B000561","unknown stroma1"
"N22_B000561","N22_B000561","hepatocyte"
"N22_B003179","N22_B003179","alveolar type 2 cell"
"N2_B000561","N2_B000561","unknown stroma1"
"N2_B002531","N2_B002531","alveolar type 2 cell"
"N3_B000568","N3_B000568","club cell"
"N3_B002531","N3_B002531","club cell"
"N5_B002570","N5_B002570","alveolar type 1 cell"
"N6_B000568","N6_B000568","alveolar type 2 cell"
"N6_B002531","N6_B002531","alveolar type 2 cell"
"N6_B002570","N6_B002570","alveolar type 1 cell"
"N7_B002531","N7_B002531","alveolar type 2 cell"
"N9_B002531","N9_B002531","alveolar type 2 cell"
"N9_B002570","N9_B002570","ciliated cell"
"O12_B002570","O12_B002570","alveolar type 1 cell"
"O13_B000561","O13_B000561","unknown stroma1"
"O13_B003179","O13_B003179","alveolar type 2 cell"
"O15_B003179","O15_B003179","alveolar type 2 cell"
"O18_B003179","O18_B003179","alveolar type 2 cell"
"O19_B000561","O19_B000561","unknown stroma1"
"O21_B003179","O21_B003179","alveolar type 2 cell"
"O22_B000561","O22_B000561","unknown stroma1"
"O22_B000563","O22_B000563","alveolar type 2 cell"
"O22_B003183","O22_B003183","alveolar type 2 cell"
"O3_B002531","O3_B002531","alveolar type 2 cell"
"O3_B002570","O3_B002570","alveolar type 2 cell"
"O4_B002531","O4_B002531","alveolar type 2 cell"
"O5_B000568","O5_B000568","alveolar type 2 cell"
"O7_B000561","O7_B000561","alveolar type 2 cell"
"O8_B000563","O8_B000563","alveolar type 1 cell"
"O8_B002531","O8_B002531","alveolar type 2 cell"
"P10_B002531","P10_B002531","club cell"
"P13_B000561","P13_B000561","unknown stroma1"
"P13_B003179","P13_B003179","alveolar type 2 cell"
"P15_B003183","P15_B003183","alveolar type 2 cell"
"P16_B003183","P16_B003183","alveolar type 2 cell"
"P1_B000568","P1_B000568","alveolar type 2 cell"
"P1_B002570","P1_B002570","alveolar type 2 cell"
"P20_B000563","P20_B000563","alveolar type 2 cell"
"P20_B003183","P20_B003183","alveolar type 2 cell"
"P22_B003183","P22_B003183","alveolar type 2 cell"
"P2_B002570","P2_B002570","alveolar type 1 cell"
"P6_B002531","P6_B002531","alveolar type 2 cell"
"P7_B000563","P7_B000563","alveolar type 1 cell"
"P7_B002531","P7_B002531","alveolar type 2 cell"
"P9_B000568","P9_B000568","alveolar type 2 cell"
"P9_B002531","P9_B002531","alveolar type 2 cell"
